date,AT0000652011,AT0000743059,BE0003565737,BE0003739530,BE0003797140,DK0010274414,FI0009000681,FI0009003727,FI0009007884,FI0009013296,FI0009013403,FI4000297767,FR0000045072,FR0000073272,FR0000120321,FR0000120578,FR0000120628,FR0000120644,FR0000120685,FR0000120859,FR0000121121,FR0000121261,FR0000121485,FR0000121667,FR0000121964,FR0000121972,FR0000125486,FR0000130452,FR0000130809,FR0000131104,FR0000131906,FR0000133308,FR0010040865,FR0010411983,DE0005140008,DE0005190003,DE0005190003.1,DE0005552004,DE0005557508,DE0005773303,DE0005785604,DE0005785604.1,DE0005785802,DE0005810055,DE0006070006,DE0006599905,DE0007100000,DE0008232125,DE0008402215,DE0008404005,DE0008430026,IE0001827041,IE0004906560,IT0000062072,IT0000072618,IT0000072618.1,IT0003132476,IT0003153415,IT0003497168,IT0003497168.1,IT0003506190,IT0003856405,NL0000009082,NL0000009165,NL0000009538,NL0000235190,NL0000360618,NL0000395903,ES0113211835,ES0116870314,ES0173516115,ES0178430E18,SE0000107419,SE0000108227,SE0000108656,SE0000113250,SE0000115446,SE0000120669,SE0000148884,SE0000171100,SE0000202624,SE0000242455,SE0000310336,SE0000667891,SE0000667925,SE0000695876
2007-01-31,1.29,7.41,6.56,4.19,1.81,5.05,7.72,6.73,2.4,6.24,4.18,5.9,5.67,6.53,7.28,5.38,6.6,7.25,3.95,6.01,5.25,5.25,6.28,6.65,7.46,7.32,6.77,5.19,5.29,5.02,6.97,3.75,5.4,4.37,7.07,5.61,5.61,6.67,6.0,5.28,4.37,4.37,8.39,4.24,6.52,5.11,4.9,7.27,3.06,7.49,7.71,7.62,4.99,5.2,0.91,0.91,6.5,6.84,4.98,4.98,5.62,5.03,3.07,6.45,7.23,5.77,4.12,5.46,5.81,7.94,6.49,4.12,5.26,5.08,7.93,7.14,6.34,5.32,3.57,5.32,5.08,6.2,3.82,6.25,5.19,5.34
2007-02-28,1.29,7.41,6.56,4.19,1.81,5.05,7.72,6.73,2.4,6.24,4.18,5.9,5.67,6.53,7.28,5.38,6.6,7.25,3.95,6.01,5.25,5.25,6.28,6.65,7.46,7.32,6.77,5.19,5.29,5.02,6.97,3.75,5.4,4.37,7.07,5.61,5.61,6.67,6.0,5.28,4.37,4.37,8.39,4.24,6.52,5.11,4.9,7.27,3.06,7.49,7.71,7.62,4.99,5.2,0.91,0.91,6.5,6.84,4.98,4.98,5.62,5.03,3.07,6.45,7.23,5.77,4.12,5.46,5.81,7.94,6.49,4.12,5.26,5.08,7.93,7.14,6.34,5.32,3.57,5.32,5.08,6.2,3.82,6.25,5.19,5.34
2007-03-31,1.29,7.41,6.56,4.19,1.81,5.05,8.29,6.73,2.4,6.24,4.18,5.9,5.67,6.53,7.28,5.38,6.6,7.25,3.95,6.01,5.25,5.25,6.28,6.65,7.46,7.32,6.77,5.19,5.29,5.02,6.97,3.75,5.4,4.37,7.07,5.61,5.61,7.62,6.0,5.28,4.37,4.37,8.39,4.24,6.52,5.11,4.9,7.27,3.06,7.49,7.71,7.62,4.99,5.2,0.91,0.91,6.5,6.84,4.98,4.98,5.62,5.03,3.07,6.45,7.23,5.77,5.06,5.46,5.81,7.94,6.49,4.12,5.26,5.08,8.18,7.14,6.34,5.32,3.57,5.32,5.08,6.2,3.82,6.25,5.19,5.34
2007-04-30,1.29,7.41,6.56,4.19,1.81,5.05,8.29,6.73,2.4,6.24,4.18,5.9,5.67,6.53,7.28,5.38,6.6,7.25,3.95,6.01,5.25,6.97,6.42,6.65,7.46,7.32,6.77,5.19,5.29,5.02,6.97,3.75,5.4,4.37,7.07,5.61,5.61,7.62,6.0,5.28,4.37,4.37,8.39,4.24,6.52,5.11,4.9,7.27,3.06,7.49,7.71,7.62,4.99,5.2,0.91,0.91,6.5,6.84,4.98,4.98,5.62,5.03,3.07,6.45,7.23,5.77,5.06,5.46,5.81,7.94,6.49,4.12,5.26,5.08,8.18,7.14,6.34,5.32,3.57,5.32,5.08,6.2,3.82,6.25,5.19,5.34
2007-05-31,1.29,7.41,6.56,4.19,1.81,5.05,8.29,6.73,2.4,6.24,4.18,5.9,5.67,6.53,7.28,5.38,6.6,7.25,3.95,6.01,5.25,6.97,6.42,6.65,7.46,7.32,6.77,5.19,5.29,5.02,6.97,3.75,5.4,4.37,7.07,5.61,5.61,7.62,6.0,5.28,4.37,4.37,8.39,4.24,6.52,5.11,4.9,7.27,3.06,7.49,7.71,7.62,4.99,5.2,0.91,0.91,6.5,6.84,4.98,4.98,5.62,5.03,3.07,6.45,7.23,5.77,5.06,5.46,5.81,7.94,6.49,4.12,5.26,5.08,8.18,7.14,7.02,5.32,3.57,5.32,5.08,6.2,3.82,6.25,5.19,5.34
2007-06-30,1.97,7.41,6.56,4.43,1.81,5.31,8.29,6.73,2.4,6.24,4.18,7.29,5.67,6.53,7.28,5.7,6.6,7.25,4.65,6.01,5.25,6.97,6.42,6.65,7.46,7.32,6.77,5.19,5.29,5.02,6.97,3.75,5.4,4.37,7.07,5.61,5.61,7.62,6.0,5.28,4.37,4.37,8.39,4.24,6.52,5.4,4.9,7.27,3.06,7.49,7.71,7.62,4.99,5.2,7.35,7.35,6.5,6.84,4.98,4.98,5.62,5.03,3.07,6.45,7.23,5.77,5.06,3.01,5.81,7.94,6.49,4.12,5.26,5.08,8.18,7.14,7.02,5.32,3.9,5.32,5.08,6.69,3.82,6.25,5.19,5.34
2007-07-31,1.97,7.41,6.56,4.43,1.81,5.31,8.29,6.73,2.4,6.24,4.18,7.29,5.67,6.53,7.28,5.7,6.6,7.25,4.65,6.01,5.25,6.97,6.42,6.65,7.46,7.32,6.77,5.19,5.29,5.02,6.97,3.75,5.4,4.37,7.07,5.61,5.61,7.62,6.0,5.25,4.37,4.37,8.39,4.24,6.52,5.4,4.9,7.27,3.06,7.49,7.71,7.62,4.99,5.2,7.35,7.35,6.5,6.84,4.98,4.98,6.05,5.03,3.07,7.45,7.23,5.77,5.06,3.01,5.81,7.94,6.49,4.12,5.26,5.08,8.18,7.14,7.02,5.32,3.9,5.32,5.08,6.69,4.47,6.25,5.19,5.34
2007-08-31,1.97,7.41,6.56,4.43,1.81,5.31,8.29,6.73,2.57,6.24,4.18,7.29,5.67,6.53,7.28,5.7,6.6,7.25,4.65,6.01,5.25,6.97,6.42,6.65,7.46,7.32,6.77,5.19,5.29,5.02,6.97,5.46,5.4,4.37,7.07,5.61,5.61,7.62,6.59,5.25,4.37,4.37,8.39,4.24,6.52,5.4,4.9,7.27,3.06,7.49,7.71,7.62,4.99,5.2,7.35,7.35,6.5,6.84,5.7,5.7,6.05,5.03,4.97,7.45,7.23,5.77,5.06,3.01,5.81,7.94,6.49,5.05,5.26,5.08,8.18,7.14,7.02,5.32,3.9,5.32,5.08,6.69,4.47,6.25,5.42,5.34
2007-09-30,1.97,7.59,6.56,4.43,1.81,5.31,8.29,6.73,2.57,6.24,4.18,7.29,5.67,6.53,7.28,5.7,6.6,7.25,4.65,6.01,5.25,6.97,6.42,6.65,7.46,7.32,6.77,5.19,5.29,5.02,6.97,5.46,5.4,4.37,7.07,5.73,5.73,7.62,6.59,5.25,4.37,4.37,8.39,4.24,6.52,5.4,5.0,7.27,3.06,7.49,7.71,7.62,4.99,5.2,7.35,7.35,7.08,6.84,5.7,5.7,6.05,5.03,4.97,7.45,7.23,5.77,5.06,3.01,5.81,7.94,6.21,5.05,5.26,5.08,8.18,7.14,7.02,5.32,3.9,5.32,5.08,6.69,4.47,6.25,5.42,5.34
2007-10-31,1.97,7.59,6.03,4.43,1.81,5.31,8.29,6.73,2.57,6.24,4.18,7.29,6.24,6.53,7.28,5.7,6.6,7.25,4.65,6.01,5.25,6.97,6.42,6.65,7.46,7.32,6.77,5.19,7.99,6.85,6.97,5.46,5.4,4.37,3.59,5.73,5.73,7.62,6.59,5.25,4.37,4.37,7.82,4.24,6.52,5.4,5.0,7.27,3.06,7.49,7.71,7.62,4.99,5.2,7.35,7.35,7.08,6.84,5.7,5.7,6.05,5.03,4.97,7.45,7.63,5.77,5.06,3.01,6.65,7.94,6.21,5.05,5.26,5.08,8.18,7.14,7.02,5.32,3.9,5.32,5.08,6.69,4.47,6.25,5.42,5.34
2007-11-30,1.97,7.59,6.03,4.43,1.81,5.31,8.29,6.73,2.57,6.24,4.18,7.29,6.24,6.53,7.28,5.7,6.6,7.25,4.65,6.8,5.25,6.97,6.42,6.65,7.46,7.32,6.77,5.19,7.99,6.85,6.97,5.46,5.4,4.37,3.59,5.73,5.73,7.62,6.59,5.25,4.37,4.37,7.82,5.48,6.52,5.4,5.0,7.7,3.06,7.49,7.71,7.52,4.99,5.2,7.35,7.35,7.08,6.84,5.7,5.7,6.05,5.03,4.97,7.45,7.63,5.77,5.06,3.01,6.65,7.94,6.21,5.05,5.26,5.08,8.18,7.14,7.02,5.32,3.9,5.32,5.08,6.69,4.47,6.25,5.42,5.34
2007-12-31,1.97,7.59,6.03,4.43,1.81,5.31,8.29,6.73,2.57,6.24,4.18,7.29,6.24,6.53,7.83,5.7,6.6,7.25,4.65,6.8,5.25,6.97,6.42,6.65,7.46,7.32,6.77,5.19,7.99,6.85,6.97,5.46,5.4,4.37,3.59,5.73,5.73,7.62,6.59,5.25,4.37,4.37,7.82,5.48,6.52,5.4,5.0,7.7,3.06,7.49,7.71,7.52,4.99,5.2,7.35,7.35,7.08,6.84,5.7,5.7,6.05,5.03,4.97,7.45,7.63,5.77,5.06,3.01,6.65,7.94,6.21,5.05,5.26,5.08,8.18,7.14,7.02,5.32,3.9,5.32,5.08,6.69,4.47,6.42,5.42,5.34
2008-01-31,1.97,7.59,6.03,4.43,1.81,5.31,8.29,6.73,2.57,6.24,4.18,7.29,6.24,6.53,7.83,5.7,6.6,7.25,4.65,6.8,5.25,6.97,6.42,6.65,7.46,7.32,6.77,5.19,7.99,6.85,6.97,5.46,5.4,4.37,3.59,5.73,5.73,7.62,6.59,5.25,4.37,4.37,7.82,5.48,6.52,5.4,5.0,7.7,3.06,7.49,7.71,7.52,4.99,5.2,7.35,7.35,7.08,6.72,5.7,5.7,6.05,5.03,4.97,7.45,7.63,5.77,5.06,3.01,6.65,7.93,6.21,5.05,5.26,5.08,8.18,7.14,7.02,5.32,3.9,5.32,5.08,6.69,4.47,6.42,5.42,5.34
2008-02-29,1.97,7.59,6.03,4.43,5.08,5.31,8.29,6.73,2.57,7.97,4.18,7.29,6.24,6.53,7.83,5.7,6.6,7.25,4.65,6.8,5.25,6.97,6.42,6.65,7.46,7.32,6.77,5.19,7.99,6.85,6.97,5.46,5.4,4.37,3.59,5.73,5.73,7.62,6.59,5.25,4.37,4.37,7.82,5.48,6.52,5.4,5.0,7.7,3.06,7.49,7.71,7.52,4.99,5.2,7.35,7.35,7.08,6.72,5.7,5.7,6.05,5.03,4.97,7.45,7.63,5.77,5.06,3.01,6.65,7.93,6.21,5.05,5.26,5.08,8.18,7.14,7.02,5.32,3.9,5.32,5.08,6.69,4.47,6.42,5.42,5.34
2008-03-31,1.97,7.59,6.03,4.43,5.08,5.31,8.29,6.73,2.57,7.97,4.18,7.29,6.24,6.53,7.83,5.7,6.6,7.25,4.65,6.8,5.25,6.97,6.42,6.65,7.46,7.51,6.77,5.19,7.99,6.85,6.97,5.46,5.4,4.37,3.59,5.73,5.73,7.62,6.59,5.25,4.37,4.37,7.82,5.48,6.52,5.4,5.0,7.7,3.06,7.49,7.71,7.52,4.99,5.2,7.35,7.35,7.08,6.72,5.7,5.7,6.05,5.03,4.97,7.45,7.63,5.77,5.06,3.01,6.65,7.93,6.21,5.05,5.26,5.08,8.18,7.14,7.02,5.32,3.9,5.32,5.08,6.69,4.47,6.42,5.42,5.34
2008-04-30,1.97,7.59,6.03,4.43,5.08,5.31,8.29,6.73,2.57,7.97,4.18,7.29,6.24,6.53,7.83,5.7,6.6,7.25,4.65,6.8,6.26,6.97,6.42,6.65,7.46,7.51,6.77,5.19,7.99,6.85,6.97,5.46,5.4,4.37,3.59,5.73,5.73,7.62,6.59,5.25,4.37,4.37,7.82,5.48,6.52,5.4,5.0,7.7,3.06,7.49,7.71,7.52,4.99,5.2,7.35,7.35,7.08,6.72,5.7,5.7,6.05,5.03,4.97,7.45,7.63,5.77,5.06,3.01,6.65,7.93,6.21,5.05,4.48,5.08,8.18,7.14,7.02,5.32,3.9,5.32,5.08,6.69,4.47,6.42,5.42,5.34
2008-05-31,1.97,7.59,6.03,4.43,5.08,5.31,8.29,6.73,2.57,7.97,4.18,7.29,6.24,6.53,7.83,5.7,6.27,7.25,4.65,6.8,6.26,6.97,6.42,6.65,7.46,7.51,6.77,5.19,7.53,6.85,6.97,5.46,5.4,4.48,3.59,5.73,5.73,7.62,6.59,5.25,4.37,4.37,7.82,5.48,6.52,5.4,5.0,7.7,3.52,8.11,7.24,7.52,3.93,4.46,7.35,7.35,7.08,6.72,5.7,5.7,6.05,5.03,4.97,7.45,7.63,5.77,5.06,3.01,6.65,7.93,6.21,5.05,4.48,5.08,8.18,7.14,7.04,5.32,3.9,5.32,5.08,6.69,4.47,6.42,5.42,5.34
2008-06-30,1.97,7.59,6.03,4.43,5.08,5.31,8.29,6.73,2.57,7.97,4.18,7.29,6.24,6.53,7.83,5.7,6.27,7.25,4.65,6.8,6.26,6.97,6.42,6.65,7.46,7.51,6.77,5.19,7.53,6.85,6.97,5.46,5.4,4.48,3.59,5.73,5.73,7.62,6.59,5.25,4.37,4.37,7.82,5.48,6.52,5.4,5.0,7.7,3.52,8.11,7.24,7.52,3.93,4.46,7.35,7.35,7.08,6.72,5.7,5.7,6.05,5.03,4.97,7.45,7.63,5.77,5.06,3.01,6.65,7.93,6.21,5.05,4.48,5.08,8.18,7.14,7.04,5.32,3.9,5.32,5.08,6.69,4.47,6.42,5.42,5.34
2008-07-31,1.97,7.59,6.03,4.43,5.08,3.51,8.29,6.73,2.57,7.97,4.18,5.1,6.24,6.69,7.83,5.7,6.27,7.25,7.58,6.8,6.26,8.02,6.33,6.65,7.46,7.51,6.77,5.19,7.53,6.85,6.97,5.46,5.4,4.48,3.59,5.73,5.73,7.62,6.59,5.25,4.37,4.37,7.82,5.48,6.52,5.4,5.0,7.7,3.52,8.11,7.24,7.52,3.93,4.46,2.62,2.62,7.08,6.72,5.7,5.7,6.05,5.13,4.97,7.45,7.63,6.51,5.06,3.01,6.65,7.93,6.21,5.05,4.48,5.08,8.18,7.14,7.04,5.32,4.35,5.32,5.08,6.69,4.47,6.42,5.42,5.34
2008-08-31,1.97,7.59,6.03,4.43,5.08,3.51,8.29,6.73,2.57,7.97,4.18,5.1,6.24,6.69,7.83,5.7,6.27,7.25,7.58,6.8,6.26,8.02,6.33,6.65,7.46,7.51,6.77,5.19,7.53,6.85,6.97,5.46,5.4,4.48,3.59,5.73,5.73,7.62,6.59,5.25,4.37,4.37,7.82,5.48,6.52,5.4,5.0,7.7,3.52,8.11,7.24,7.52,3.93,4.46,2.62,2.62,7.08,6.72,5.7,5.7,6.05,5.13,4.97,7.45,7.63,6.51,5.06,3.01,6.65,7.93,6.21,5.05,4.48,5.08,8.18,7.14,7.04,5.32,4.35,5.32,5.08,6.69,4.47,6.42,5.42,5.34
2008-09-30,1.97,7.59,6.03,4.43,5.08,3.51,8.29,6.73,2.57,7.97,4.18,5.1,6.24,6.69,7.83,5.7,6.27,7.25,7.58,6.8,6.26,8.02,6.33,6.65,7.46,7.51,6.77,5.19,7.53,6.85,6.97,5.46,5.4,4.48,3.59,5.73,5.73,7.75,6.59,5.25,4.37,4.37,7.82,5.48,6.52,5.4,5.0,7.7,3.52,8.11,7.24,7.52,3.93,4.46,2.62,2.62,7.08,6.72,5.7,5.7,6.05,5.13,4.97,7.45,7.63,6.51,5.06,3.01,6.65,7.93,6.21,5.05,4.48,5.08,8.18,7.14,7.04,5.32,4.35,5.32,5.08,6.69,4.47,6.42,5.42,5.34
2008-10-31,1.97,7.59,6.03,4.43,5.08,3.51,8.29,6.73,2.57,7.97,4.18,5.1,6.24,6.69,7.83,5.7,6.27,7.25,7.58,6.8,6.26,8.02,6.33,6.72,7.46,7.51,6.77,5.19,7.53,6.85,6.97,5.46,5.4,4.48,3.59,5.73,5.73,7.75,6.59,5.25,4.37,4.37,7.82,5.48,6.52,5.4,5.0,7.7,3.52,8.11,7.24,7.52,3.93,4.46,2.62,2.62,7.08,6.72,5.7,5.7,6.05,5.13,4.97,7.45,7.63,6.51,5.06,3.01,6.65,7.93,6.21,5.05,4.48,5.08,8.18,7.14,7.04,5.32,4.35,5.32,4.55,6.69,4.47,6.42,5.42,5.34
2008-11-30,1.97,7.59,6.03,4.43,5.08,3.51,8.29,6.73,4.53,7.97,4.18,5.1,6.24,6.69,7.83,5.7,6.27,7.25,7.58,6.8,6.26,8.02,6.33,6.72,7.46,7.51,6.77,5.19,7.53,6.85,6.97,6.12,5.4,4.48,3.59,5.73,5.73,7.75,7.25,5.25,4.37,4.37,7.82,5.48,6.52,5.4,5.0,7.7,3.52,8.11,7.24,7.52,3.93,4.46,2.62,2.62,7.08,6.72,6.0,6.0,6.05,5.13,5.75,7.45,7.63,6.51,5.06,3.01,6.65,7.93,6.21,5.77,4.48,5.08,8.18,7.14,7.04,5.32,4.35,5.32,4.55,6.69,4.47,6.42,5.99,5.34
2008-12-31,1.97,7.59,6.03,4.43,5.08,3.51,8.29,6.73,4.53,7.97,4.18,5.1,6.24,6.69,7.83,5.7,6.27,7.25,7.58,6.8,6.26,8.02,6.33,6.72,7.46,7.51,6.77,5.19,7.53,6.85,6.97,6.12,5.4,4.48,3.59,5.73,5.73,7.75,7.25,5.57,4.37,4.37,8.51,5.48,6.52,5.4,5.0,7.7,3.52,8.11,7.24,7.52,3.93,4.46,2.62,2.62,7.08,6.72,6.0,6.0,7.0,5.13,5.75,7.45,7.18,6.51,5.06,3.01,6.65,7.93,6.21,5.77,4.48,5.08,8.18,7.14,7.04,5.32,4.35,5.32,4.55,6.69,4.47,6.42,5.99,5.34
2009-01-31,1.97,7.59,6.03,4.43,5.08,3.51,8.53,6.73,4.53,7.97,4.18,5.1,6.24,6.69,7.83,5.7,6.27,7.25,7.58,6.8,6.26,8.02,6.33,6.72,7.46,7.51,6.77,5.19,7.53,6.85,6.97,6.12,5.4,4.48,3.59,5.73,5.73,7.75,7.25,5.57,4.37,4.37,8.51,5.48,6.52,5.4,5.93,7.7,3.52,8.11,7.24,7.52,3.93,4.46,2.62,2.62,7.08,6.72,6.0,6.0,7.0,5.13,5.75,7.45,7.18,6.51,5.06,3.01,6.65,7.93,6.21,5.77,4.48,5.08,8.11,7.14,7.04,5.45,4.35,5.45,4.55,6.69,4.47,6.42,5.99,5.34
2009-02-28,1.97,7.59,6.03,4.43,5.08,3.51,8.53,6.73,4.53,7.35,4.18,5.1,5.11,6.69,7.83,5.7,6.27,7.25,7.58,6.8,6.26,8.02,6.33,6.72,7.59,7.51,7.39,5.73,5.27,3.17,6.97,6.12,6.63,4.48,4.73,5.73,5.73,7.75,7.25,5.57,4.37,4.37,8.51,5.48,8.75,5.4,5.93,7.7,3.52,8.11,7.24,7.52,3.93,4.46,2.62,2.62,7.08,6.72,6.0,6.0,7.0,5.13,5.75,7.45,7.18,6.51,5.06,5.78,6.16,7.93,6.21,5.77,4.48,5.08,8.11,5.86,7.04,5.45,4.35,5.45,4.55,6.69,4.47,6.42,5.99,5.34
2009-03-31,1.97,7.59,6.03,4.43,5.08,3.51,8.53,6.73,4.53,7.35,4.18,5.1,5.11,6.69,8.28,5.7,6.27,7.25,7.58,6.8,6.26,8.02,6.33,6.72,7.59,7.51,7.39,5.73,5.27,3.17,6.97,6.12,6.63,4.48,4.73,5.73,5.73,7.75,7.25,5.57,4.37,4.37,8.51,6.5,8.75,5.4,5.93,7.7,3.52,8.11,7.24,7.52,3.93,4.46,2.62,2.62,7.08,6.72,6.0,6.0,7.0,5.13,5.75,7.45,7.18,6.51,5.06,5.78,6.16,7.93,6.21,5.77,4.48,5.08,8.11,5.86,7.04,5.45,4.35,5.45,4.55,6.69,4.47,6.42,5.99,5.34
2009-04-30,1.97,7.59,6.03,4.43,5.08,3.51,8.53,6.73,4.53,7.35,4.18,5.1,5.11,6.69,8.28,5.7,6.27,7.25,7.58,6.8,6.26,8.02,6.33,6.72,7.59,7.51,7.39,5.73,5.27,3.17,6.97,6.12,6.63,4.48,4.73,5.73,5.73,7.75,7.25,5.57,4.37,4.37,8.51,6.5,8.75,5.4,5.93,7.7,3.52,8.11,7.24,7.52,3.93,4.46,2.62,2.62,7.08,6.72,6.0,6.0,7.0,5.13,5.75,7.45,7.18,6.51,5.06,5.78,6.16,7.93,6.21,5.77,4.48,5.08,8.11,5.86,7.04,5.45,4.35,5.45,4.55,6.69,4.47,6.42,5.99,5.34
2009-05-31,1.97,6.83,6.03,4.43,5.08,3.51,8.53,6.73,4.53,7.35,4.18,5.1,5.11,6.69,8.28,5.7,6.27,7.25,7.58,7.39,6.26,8.02,6.33,6.72,7.59,7.51,7.39,5.73,5.27,3.17,6.97,6.12,6.63,4.48,4.73,5.73,5.73,7.75,7.25,5.57,4.37,4.37,8.51,6.5,8.75,5.4,5.93,7.35,3.52,8.11,7.24,5.82,3.93,4.46,2.62,2.62,7.73,6.64,6.0,6.0,7.0,5.13,5.75,7.45,7.18,6.51,5.06,5.78,6.16,6.25,7.51,5.77,4.48,5.08,8.11,5.86,7.04,5.45,4.35,5.45,4.55,6.69,4.47,6.42,5.99,5.34
2009-06-30,1.97,6.83,6.03,4.43,5.08,3.51,8.53,6.73,4.53,7.35,4.18,5.1,5.11,6.69,8.28,5.7,6.27,7.25,7.58,7.39,6.26,8.02,6.33,6.72,7.59,7.51,7.39,5.73,5.27,3.17,6.97,6.12,6.63,4.48,4.73,5.73,5.73,7.75,7.25,5.57,4.37,4.37,8.51,6.5,8.75,5.4,5.93,7.35,3.52,8.11,7.24,5.82,3.93,4.46,2.62,2.62,7.73,6.64,6.0,6.0,7.0,5.13,5.75,7.45,7.18,6.51,7.2,5.78,6.16,6.25,7.51,5.77,4.48,5.08,8.11,5.86,7.04,5.45,4.35,5.45,4.55,6.69,4.47,6.42,5.99,5.34
2009-07-31,1.97,6.83,6.03,4.43,5.08,3.51,8.53,6.73,4.53,7.35,4.18,5.1,5.11,6.69,8.28,5.7,6.27,7.25,7.58,7.39,6.88,8.02,6.33,6.72,7.59,7.51,7.39,5.73,5.27,3.17,6.97,6.12,6.63,4.48,4.73,5.73,5.73,7.75,7.25,5.57,4.37,4.37,8.51,6.5,8.75,5.4,5.93,7.35,3.52,8.11,7.24,5.82,3.93,4.46,2.62,2.62,7.73,6.64,6.0,6.0,7.0,5.13,5.75,7.45,7.18,6.51,7.2,5.78,6.16,6.25,7.51,5.77,5.78,5.08,8.11,5.86,7.04,5.45,4.35,5.45,4.55,6.69,4.47,6.42,5.99,5.34
2009-08-31,2.2,6.83,6.03,4.43,4.85,5.07,8.53,6.73,4.53,7.35,4.18,7.33,5.11,6.69,8.28,5.7,6.27,7.25,5.33,7.39,6.88,8.02,6.33,6.55,7.59,7.51,7.39,5.73,5.27,3.17,6.97,6.12,6.63,4.48,4.73,5.73,5.73,7.75,7.25,5.57,3.35,3.35,8.51,6.5,8.75,5.4,5.93,7.35,3.52,8.11,7.24,5.82,3.93,4.46,3.9,3.9,7.73,6.64,6.0,6.0,7.0,5.13,5.75,7.45,7.18,6.51,7.2,5.78,6.16,6.25,7.51,5.77,5.78,5.08,8.11,5.86,7.04,5.45,5.07,5.45,3.47,5.29,4.47,6.42,5.99,5.34
2009-09-30,2.2,6.83,6.03,4.43,4.85,5.07,8.53,6.73,4.53,7.35,4.18,7.33,5.11,6.69,8.28,5.7,6.27,7.25,5.33,7.39,6.88,8.02,3.9,6.55,7.59,7.51,7.39,5.73,5.27,3.17,6.97,6.12,6.63,4.48,4.73,5.73,5.73,7.75,7.25,5.57,3.35,3.35,8.51,6.5,8.75,5.4,5.93,7.35,3.52,8.11,7.24,5.82,3.93,4.46,3.9,3.9,7.73,6.64,6.0,6.0,7.0,5.13,5.75,7.45,7.18,6.51,7.2,5.78,6.16,6.25,7.51,5.77,5.78,5.08,8.11,5.86,7.04,5.45,5.07,5.45,3.47,5.29,4.47,6.42,5.99,5.34
2009-10-31,2.2,6.83,6.03,4.43,4.85,5.07,8.53,6.73,4.53,7.35,4.18,7.33,5.11,6.69,8.28,5.7,6.27,7.25,5.33,7.39,6.88,8.02,3.9,6.55,7.59,7.51,7.39,5.73,5.27,3.17,6.97,6.12,6.63,4.48,4.73,5.73,5.73,7.75,7.25,6.79,3.35,3.35,8.51,6.5,8.75,5.4,5.93,7.35,3.52,8.11,7.24,5.82,3.93,4.46,3.9,3.9,7.73,6.64,6.0,6.0,6.54,5.13,5.75,7.45,7.18,6.51,7.2,5.78,6.16,6.25,7.51,5.77,5.78,5.08,8.11,5.86,7.04,5.45,5.07,5.45,3.47,5.29,4.47,6.42,5.99,5.34
2009-11-30,2.2,6.83,6.03,4.43,4.85,5.07,8.53,6.73,4.53,7.35,4.18,7.33,5.11,6.69,8.28,5.7,6.27,7.25,5.33,7.39,6.88,8.02,3.9,6.55,7.59,7.51,7.39,5.73,5.27,3.17,6.97,6.12,6.63,4.48,4.73,5.73,5.73,7.75,7.25,6.79,3.35,3.35,8.51,6.5,8.75,5.4,5.93,7.35,3.52,8.11,7.24,5.82,3.93,4.46,3.9,3.9,7.73,6.64,6.0,6.0,6.54,5.13,5.75,7.45,7.18,6.51,7.2,5.78,6.16,6.25,7.51,5.77,5.78,5.08,8.11,5.86,6.72,5.45,5.07,5.45,3.47,5.29,4.47,6.42,5.99,5.34
2009-12-31,2.2,6.83,6.03,4.43,4.85,5.07,8.53,6.73,4.53,7.35,4.18,7.33,5.11,6.69,8.28,5.7,6.27,7.25,5.33,7.39,6.88,8.04,3.9,6.55,7.59,7.51,7.39,5.73,5.27,3.17,6.97,6.12,6.63,4.48,4.73,5.73,5.73,7.75,7.25,6.79,3.35,3.35,8.51,6.5,8.75,5.4,5.93,7.35,3.52,8.11,7.24,5.82,3.93,4.46,3.9,3.9,7.73,6.64,6.0,6.0,6.54,5.13,5.75,7.45,7.18,6.51,7.2,5.78,6.16,6.25,7.51,5.77,5.78,5.08,8.11,5.86,6.72,5.45,5.07,5.45,3.47,5.29,4.47,6.42,5.99,5.34
2010-01-31,2.2,6.83,6.03,4.43,4.85,5.07,8.53,6.73,4.53,7.35,4.18,7.33,5.11,6.69,8.28,5.7,6.27,6.07,5.33,7.39,6.88,8.04,3.9,6.55,7.59,7.51,7.39,5.73,5.27,3.17,6.97,6.12,6.63,4.48,4.73,5.73,5.73,7.75,7.25,6.79,3.35,3.35,8.51,6.5,8.75,5.4,5.93,7.35,3.52,8.11,7.24,5.82,2.9,4.46,3.9,3.9,7.73,6.64,6.0,6.0,6.54,5.13,5.8,7.45,7.96,6.51,7.2,5.78,6.16,6.25,7.51,5.77,5.78,5.08,8.11,5.86,6.72,5.45,5.07,5.45,3.47,5.29,4.47,6.42,5.99,5.34
2010-02-28,2.2,6.83,6.03,4.43,4.85,5.07,8.53,6.73,4.53,7.44,4.18,7.33,5.11,6.69,8.28,5.7,6.27,6.07,5.33,7.39,6.88,8.04,3.9,6.55,7.0,7.51,5.82,6.49,5.27,3.17,6.97,6.12,6.67,4.48,4.73,5.73,5.73,7.75,7.25,6.79,3.35,3.35,8.51,6.5,8.9,5.4,5.93,7.35,3.52,8.11,7.24,5.82,2.9,4.46,3.9,3.9,7.73,6.64,6.0,6.0,6.54,5.13,5.8,7.45,7.96,6.51,7.2,5.78,6.16,6.25,7.51,5.77,5.78,5.08,8.11,5.36,6.72,6.2,5.07,6.2,3.47,5.29,4.47,6.42,5.99,5.34
2010-03-31,2.2,6.83,6.03,4.43,4.85,5.07,5.83,6.73,4.53,7.44,4.18,7.33,5.11,6.69,8.28,5.7,6.27,6.07,5.33,7.39,6.88,8.04,3.9,6.55,7.0,7.51,5.82,6.49,5.27,3.17,6.97,6.12,6.67,4.48,4.73,5.73,5.73,7.75,7.25,6.79,3.35,3.35,8.51,6.5,8.9,5.4,5.93,7.35,3.52,8.11,7.24,5.82,2.9,4.46,3.9,3.9,7.73,6.64,6.0,6.0,6.54,5.13,5.8,7.45,7.96,6.51,7.2,5.78,6.16,6.25,7.51,5.77,5.78,5.08,6.92,5.36,6.72,6.2,5.07,6.2,3.47,5.29,4.47,6.42,5.99,5.34
2010-04-30,2.2,6.83,6.03,4.43,4.85,5.07,5.83,6.73,4.53,7.44,4.18,7.33,5.11,6.69,8.28,5.7,6.27,6.07,5.33,7.39,6.88,8.04,3.9,6.55,7.0,7.51,5.82,6.49,5.27,3.17,6.97,6.12,6.67,4.48,4.73,5.73,5.73,7.75,7.25,6.79,3.35,3.35,8.51,6.5,8.9,5.4,5.93,7.35,3.52,8.11,7.24,5.82,2.9,4.46,3.9,3.9,7.73,6.64,6.0,6.0,6.54,5.13,5.8,7.45,7.96,6.51,7.2,5.78,6.16,6.25,7.51,5.77,5.78,5.08,6.92,5.36,6.72,6.2,5.07,6.2,3.47,5.29,4.47,6.42,5.99,5.34
2010-05-31,2.2,6.83,6.03,4.43,4.85,5.07,5.83,6.73,4.53,7.44,4.18,7.33,5.11,6.69,6.56,5.7,6.27,6.07,5.33,7.39,6.88,8.04,3.9,6.55,7.0,7.49,5.82,6.49,5.27,3.17,5.91,6.12,6.67,4.48,4.73,6.56,6.56,7.07,7.25,6.79,3.35,3.35,7.16,6.5,8.9,5.4,5.45,4.54,3.52,8.11,7.24,5.82,2.9,4.46,3.9,3.9,7.73,6.64,6.0,6.0,6.54,5.13,5.8,7.45,7.96,6.51,7.2,5.78,6.16,6.25,7.51,5.77,5.78,5.08,6.92,5.36,6.72,6.2,5.07,6.2,3.47,5.29,4.47,6.42,5.99,5.34
2010-06-30,2.2,6.83,6.03,4.43,4.85,5.07,5.83,6.73,4.53,7.44,4.18,7.33,5.11,6.69,6.56,5.7,6.27,6.07,5.33,7.39,6.88,8.04,3.9,6.55,7.0,7.49,5.82,6.49,5.27,3.17,5.91,6.12,6.67,4.48,4.73,6.56,6.56,7.07,7.25,6.79,3.35,3.35,7.16,6.5,8.9,5.4,5.45,4.54,3.52,8.11,7.24,5.82,2.9,4.46,3.9,3.9,7.73,6.64,6.0,6.0,6.54,5.13,5.8,7.48,7.96,6.51,7.2,5.78,6.16,6.25,7.51,5.77,5.78,5.08,6.92,5.36,6.72,6.2,5.07,6.2,3.47,5.29,4.47,6.42,5.99,5.34
2010-07-31,2.2,6.83,6.03,4.43,4.72,5.07,5.83,6.73,4.53,7.44,4.18,7.33,5.11,6.69,6.56,5.7,6.27,6.07,5.33,5.49,4.78,8.04,3.9,6.55,7.0,7.49,5.82,6.49,5.27,3.17,5.91,6.12,6.67,4.48,4.73,6.56,6.56,7.07,7.25,6.79,3.35,3.35,7.16,6.5,8.9,5.4,5.45,4.54,3.52,8.11,7.24,6.06,2.9,4.46,3.9,3.9,7.73,6.64,6.0,6.0,6.54,5.13,5.8,7.48,7.96,6.51,7.2,5.78,6.16,6.25,7.51,5.77,4.73,5.08,6.92,5.36,6.72,6.2,5.07,6.2,3.47,5.29,4.47,6.42,5.99,5.34
2010-08-31,2.2,6.26,6.03,3.1,4.72,5.07,5.83,6.73,4.53,7.44,4.18,7.33,5.11,6.69,6.56,5.18,6.27,6.07,5.33,5.49,4.78,8.04,3.9,6.55,7.0,7.49,5.82,6.49,5.27,3.17,5.91,6.12,6.67,4.48,4.73,6.56,6.56,7.07,7.25,6.79,3.35,3.35,7.16,6.5,8.9,7.15,5.45,4.54,3.52,8.11,7.24,6.06,2.9,4.46,3.9,3.9,5.68,4.99,6.0,6.0,6.54,5.13,5.8,7.48,7.96,6.51,7.2,5.78,6.16,4.13,5.63,5.77,4.73,5.08,6.92,5.36,6.72,6.2,5.07,6.2,3.47,5.29,4.47,6.42,5.99,5.34
2010-09-30,3.75,6.26,5.58,3.1,4.72,5.61,5.83,6.73,4.53,7.44,4.18,6.88,6.31,5.33,6.56,5.18,6.27,6.07,5.96,5.49,4.78,8.04,3.9,6.55,7.0,7.49,5.82,6.49,6.64,4.42,5.91,6.12,6.67,4.48,4.68,6.56,6.56,7.07,7.25,6.79,3.35,3.35,7.16,6.5,8.9,7.15,5.45,4.54,3.52,8.11,7.24,6.06,2.9,4.46,6.17,6.17,5.68,4.99,6.0,6.0,6.54,6.36,5.8,7.48,7.96,4.38,7.2,5.78,5.03,4.13,5.63,5.77,4.73,5.08,6.92,5.36,6.72,6.2,6.27,6.2,3.47,6.17,5.04,6.42,5.99,5.34
2010-10-31,3.75,6.26,5.58,3.1,4.72,5.61,5.83,6.73,4.53,7.44,4.18,6.88,6.31,5.33,6.56,5.18,6.27,6.07,5.96,5.49,4.78,8.04,3.9,6.55,7.0,7.49,5.82,6.49,6.64,4.42,5.91,6.12,6.67,4.48,4.68,6.56,6.56,7.07,7.25,5.72,3.35,3.35,7.16,6.5,8.9,7.15,5.45,4.54,3.52,8.11,7.24,6.06,2.9,4.46,6.17,6.17,5.68,4.99,6.0,6.0,5.06,6.36,5.8,7.48,7.96,4.38,7.2,5.78,5.03,4.13,5.63,5.77,4.73,5.08,6.92,5.36,6.72,6.2,6.27,6.2,3.47,6.17,5.04,6.42,5.99,5.34
2010-11-30,3.75,6.26,5.58,3.1,4.72,5.61,5.83,6.73,4.53,7.44,4.18,6.88,6.31,5.33,6.56,5.18,6.27,6.07,5.96,5.49,4.78,8.04,5.86,6.55,7.0,7.49,5.82,6.49,6.64,4.42,5.91,6.12,6.67,4.48,4.68,6.56,6.56,7.07,7.25,5.72,3.35,3.35,7.16,6.5,8.9,7.15,5.45,4.54,3.52,8.11,7.24,6.06,2.9,4.46,6.17,6.17,5.68,4.99,6.0,6.0,5.06,6.36,5.8,7.48,7.96,4.38,5.97,5.78,5.03,4.13,5.63,5.77,4.73,5.08,6.92,5.36,6.72,6.2,6.27,6.2,3.47,6.17,5.04,6.42,5.99,5.34
2010-12-31,3.75,6.26,5.58,3.1,4.72,5.61,5.83,6.73,4.53,7.44,4.18,6.88,6.31,5.33,6.56,5.18,6.94,6.07,5.96,5.49,4.78,8.04,5.86,6.02,7.0,7.49,5.82,6.49,6.64,4.42,5.91,6.12,6.67,4.9,4.68,6.56,6.56,7.07,7.25,5.72,5.26,5.26,7.16,6.5,8.9,7.15,5.45,4.54,2.17,8.6,8.21,6.06,2.9,5.13,6.17,6.17,5.68,4.99,6.0,6.0,5.06,6.36,5.8,7.48,7.96,4.38,5.97,5.78,5.03,4.13,5.63,5.77,4.73,5.08,6.92,5.36,6.72,6.2,6.27,6.2,6.03,6.17,5.04,6.42,5.99,5.34
2011-01-31,3.75,6.26,5.58,3.1,4.72,5.61,5.83,5.15,4.53,7.44,5.43,6.88,6.31,5.33,6.56,5.18,6.94,7.98,5.96,5.49,4.78,8.04,5.86,6.02,7.0,7.49,5.82,6.49,6.64,4.42,5.91,6.12,6.67,4.9,4.68,6.56,6.56,7.07,7.25,5.72,5.26,5.26,7.16,6.5,8.9,7.15,5.45,4.54,2.17,8.6,8.21,6.06,2.62,5.13,6.17,6.17,5.68,4.99,6.0,6.0,5.06,6.36,5.8,7.48,7.58,4.38,5.97,5.78,5.03,4.13,5.63,5.77,4.73,4.96,6.92,5.36,7.59,4.57,6.27,4.57,6.03,6.17,5.04,4.15,5.99,5.45
2011-02-28,3.75,6.26,5.58,3.1,4.72,5.61,5.83,5.15,4.53,7.44,5.43,6.88,6.31,5.33,6.56,5.18,6.94,7.98,5.96,5.49,4.78,8.04,5.86,6.02,7.0,7.49,5.82,6.49,6.64,4.42,5.91,6.12,6.67,4.9,5.45,6.56,6.56,7.07,7.25,5.72,5.26,5.26,7.16,6.5,8.9,7.15,5.45,4.54,2.17,8.6,8.21,6.06,2.62,5.13,6.17,6.17,5.68,4.99,6.0,6.0,5.06,6.36,5.8,7.48,7.58,4.38,5.97,5.78,5.03,4.13,5.63,5.77,4.73,4.96,6.92,5.36,7.59,4.57,6.27,4.57,6.03,6.17,5.04,4.15,5.99,5.45
2011-03-31,3.75,6.26,5.58,3.1,4.72,5.61,6.48,5.15,4.08,7.44,5.43,6.88,6.31,5.33,6.56,5.18,6.94,7.98,5.96,5.49,4.78,8.04,5.86,6.02,7.0,8.53,5.82,6.49,6.64,4.42,5.91,6.36,6.67,4.9,5.45,6.56,6.56,7.07,5.83,5.72,5.26,5.26,7.16,6.5,8.9,7.15,5.45,4.54,2.17,8.6,8.21,6.06,2.62,5.13,6.17,6.17,5.68,4.99,5.82,5.82,5.06,6.36,5.47,7.48,7.58,4.38,5.97,5.78,5.03,4.13,5.63,6.1,4.73,4.96,8.15,5.36,7.59,4.57,6.27,4.57,6.03,6.17,5.04,4.15,5.86,5.45
2011-04-30,3.75,6.26,5.58,3.1,4.72,5.61,6.48,5.15,4.08,6.52,5.43,6.88,6.31,5.33,6.56,5.18,6.94,7.98,5.96,5.49,4.78,8.04,5.86,6.02,5.07,8.53,5.82,6.49,6.64,4.42,5.91,6.36,5.93,4.9,5.45,6.56,6.56,7.07,5.83,5.72,5.26,5.26,7.16,6.5,8.9,7.15,5.45,4.54,2.17,8.6,8.21,6.06,2.62,5.13,6.17,6.17,5.68,4.99,5.82,5.82,5.06,6.36,5.47,7.48,7.58,4.38,5.97,8.85,5.03,4.13,5.63,6.1,4.73,4.96,8.15,5.36,7.59,4.57,6.27,4.57,6.03,6.17,5.04,4.15,5.86,5.45
2011-05-31,3.75,6.26,5.58,3.1,4.72,5.61,6.48,5.15,4.08,6.52,5.43,6.88,6.31,5.33,6.56,5.18,6.94,7.98,5.96,5.49,4.78,8.04,5.86,6.02,5.07,8.53,7.2,7.4,6.64,4.42,5.91,6.36,5.93,4.9,5.45,6.56,6.56,7.07,5.83,5.72,5.42,5.42,5.44,6.5,7.5,7.15,5.45,4.54,2.17,8.6,8.21,6.06,2.62,5.13,6.17,6.17,5.68,4.99,5.82,5.82,5.06,6.36,5.47,7.48,7.58,4.38,5.97,8.85,5.03,4.13,5.63,6.1,4.73,4.96,8.15,7.8,7.59,4.57,6.27,4.57,6.03,6.17,5.04,4.15,5.86,5.45
2011-06-30,3.75,6.26,5.58,3.1,4.72,5.61,6.48,5.15,4.08,6.52,5.43,6.88,6.31,5.33,6.56,5.18,6.94,7.98,5.96,5.49,4.78,9.9,5.86,6.02,5.07,8.53,7.2,7.4,6.64,4.42,5.91,6.36,5.93,4.9,5.45,6.56,6.56,7.07,5.83,5.72,5.42,5.42,5.44,6.5,7.5,7.15,5.45,6.78,2.17,8.6,8.21,6.06,2.62,5.13,6.17,6.17,5.68,4.99,5.82,5.82,5.06,6.36,5.47,7.48,7.58,4.38,5.97,8.85,5.03,4.13,5.63,6.1,4.73,4.96,8.15,7.8,7.59,4.57,6.27,4.57,6.03,6.17,5.04,4.15,5.86,5.45
2011-07-31,3.75,6.26,5.58,3.1,4.72,5.61,6.48,5.15,4.08,6.52,5.43,6.88,6.31,5.33,8.25,5.18,6.94,7.98,5.96,5.4,4.78,9.9,5.86,6.02,5.07,8.53,7.2,7.4,6.64,4.42,8.42,6.36,5.93,4.9,5.45,6.76,6.76,8.15,5.83,5.72,5.42,5.42,5.44,6.5,7.5,7.15,6.72,6.78,2.17,8.6,8.21,6.63,2.62,5.13,6.17,6.17,5.68,4.99,5.82,5.82,5.06,6.36,5.47,5.73,7.58,4.38,5.97,8.85,5.03,4.13,5.63,6.1,4.73,4.96,8.15,7.8,7.59,4.57,6.27,4.57,6.03,6.17,5.04,4.15,5.86,5.45
2011-08-31,3.75,6.26,5.58,3.1,4.72,5.61,6.48,5.15,4.08,6.52,5.43,6.88,6.31,5.33,8.25,5.18,6.94,7.98,5.96,5.4,4.78,9.9,5.86,6.02,5.07,8.53,7.2,7.4,6.64,4.42,8.42,6.36,5.93,4.9,5.45,6.76,6.76,8.15,5.83,5.72,5.42,5.42,5.44,5.8,7.5,7.15,6.72,6.78,2.17,8.6,8.21,6.63,2.62,5.13,6.17,6.17,5.68,4.99,5.82,5.82,5.06,6.36,5.47,5.73,7.58,4.38,5.97,8.85,5.03,4.13,5.63,6.1,4.73,4.96,8.15,7.8,7.59,4.57,6.27,4.57,6.03,6.17,5.04,4.15,5.86,5.45
2011-09-30,3.75,6.26,5.58,3.7,4.72,5.61,6.48,5.15,4.08,6.52,5.43,6.88,6.31,3.76,8.25,5.8,6.94,7.98,5.96,5.4,4.78,9.9,5.86,6.02,5.07,8.53,7.2,7.4,6.64,4.42,8.42,6.36,5.93,4.9,5.45,6.76,6.76,8.15,5.83,5.72,5.42,5.42,5.44,5.8,7.5,6.8,6.72,6.78,2.17,8.6,8.21,6.63,2.62,5.13,6.17,6.17,5.68,4.99,5.82,5.82,5.06,4.08,5.47,5.73,7.39,6.76,5.97,8.85,5.03,4.13,5.63,6.1,4.73,4.96,8.15,7.8,7.59,4.57,6.27,4.57,6.03,6.17,1.8,4.15,5.86,5.45
2011-10-31,2.4,5.7,5.8,3.7,4.72,3.1,6.48,5.15,4.08,6.52,5.43,6.8,6.31,3.76,8.25,5.8,6.94,7.98,5.8,5.4,4.78,9.9,5.86,6.02,5.07,8.53,7.2,7.4,6.64,4.42,8.42,6.36,5.93,4.9,5.45,6.76,6.76,8.15,5.83,5.72,5.42,5.42,5.44,5.8,7.5,6.8,6.72,6.78,2.17,8.6,8.21,6.63,2.62,5.13,7.1,7.1,4.8,6.39,5.82,5.82,5.06,4.08,5.47,5.73,7.39,6.76,5.97,8.85,5.03,6.2,5.5,6.1,4.73,4.96,8.15,7.8,7.59,4.57,5.8,4.57,6.03,8.8,1.8,4.15,5.86,5.45
2011-11-30,2.4,5.7,5.8,3.7,4.72,3.1,6.48,5.15,4.08,6.52,5.43,6.8,4.0,3.76,8.25,5.8,6.94,7.98,5.8,5.4,4.78,9.9,5.77,6.02,5.07,8.53,7.2,7.4,5.8,5.1,8.42,6.36,5.93,4.9,5.45,6.76,6.76,8.15,5.83,8.1,5.42,5.42,5.44,5.8,7.5,6.8,6.72,6.78,2.17,8.6,8.21,6.63,2.62,5.13,7.1,7.1,4.8,6.39,5.82,5.82,4.6,4.08,5.47,5.73,7.39,6.76,5.97,8.85,5.3,6.2,5.5,6.1,4.73,4.96,8.15,7.8,7.59,4.57,5.8,4.57,6.03,8.8,1.8,4.15,5.86,5.45
2011-12-31,2.4,5.7,5.8,3.7,4.72,3.1,6.48,5.15,4.08,6.52,5.43,6.8,4.0,3.76,8.25,5.8,6.94,7.98,5.8,5.4,4.78,9.9,5.77,6.02,5.07,8.53,7.2,7.4,5.8,5.1,8.42,6.36,5.93,4.9,5.45,6.76,6.76,8.15,5.83,8.1,5.42,5.42,5.44,5.8,7.5,6.8,6.72,6.78,2.17,8.6,8.21,6.63,2.62,5.13,7.1,7.1,4.8,6.39,5.82,5.82,4.6,4.08,5.47,5.73,7.39,6.76,5.97,8.85,5.3,6.2,5.5,6.1,4.73,4.96,8.15,7.8,7.59,4.57,5.8,4.57,6.03,8.8,1.8,4.15,5.86,5.45
2012-01-31,2.4,5.7,5.8,3.7,4.72,3.1,6.48,7.05,4.08,6.52,4.73,6.8,4.0,3.76,8.25,5.8,6.94,5.25,5.8,5.4,4.78,9.9,5.77,4.38,5.07,8.53,7.2,7.4,5.8,5.1,8.42,6.36,5.93,4.9,5.45,6.76,6.76,8.15,5.83,8.1,5.42,5.42,5.44,5.8,7.5,6.8,6.72,6.78,2.17,8.6,8.21,6.63,0.46,5.13,7.1,7.1,4.8,6.39,5.82,5.82,4.6,4.08,5.47,5.73,7.39,6.76,5.76,8.85,5.3,6.2,5.5,6.1,4.73,6.53,8.15,7.8,7.59,3.83,5.8,3.83,4.99,8.8,1.8,6.9,5.86,6.72
2012-02-29,2.4,5.7,5.8,3.7,5.9,3.1,6.48,7.05,4.08,6.52,4.73,6.8,4.0,3.76,8.25,5.8,6.94,5.25,5.8,5.4,6.6,9.9,5.77,4.38,5.07,8.53,7.2,7.4,5.8,5.1,8.42,6.36,5.93,4.9,5.45,6.76,6.76,8.15,5.83,8.1,5.42,5.42,5.44,5.8,7.5,6.8,6.72,6.78,2.17,10.0,9.5,6.63,0.46,9.2,7.1,7.1,4.8,6.39,5.82,5.82,4.6,4.08,5.47,5.73,7.39,6.76,5.76,8.85,5.3,6.2,5.5,6.1,6.9,6.53,8.15,7.8,7.59,3.83,5.8,3.83,4.99,8.8,1.8,6.9,5.86,6.72
2012-03-31,2.4,5.7,5.8,3.7,5.9,3.1,3.5,7.05,4.1,6.52,4.73,6.8,4.0,3.76,8.25,5.8,6.94,5.25,5.8,5.4,6.6,9.9,5.77,4.38,5.07,8.53,7.2,7.4,5.8,5.1,8.42,8.4,5.93,4.9,5.8,6.76,6.76,8.15,8.0,8.1,5.42,5.42,5.44,5.8,7.5,6.8,6.72,6.78,2.17,10.0,9.5,6.63,0.46,9.2,7.1,7.1,4.8,6.39,8.1,8.1,4.6,4.08,10.0,5.73,7.39,6.76,5.76,8.85,5.3,6.2,5.5,8.0,6.9,6.53,5.4,7.8,7.59,3.83,5.8,3.83,4.99,8.8,1.8,6.9,8.8,6.72
2012-04-30,2.4,5.7,5.8,3.7,5.9,3.1,3.5,7.05,4.1,6.52,4.73,6.8,4.0,3.76,8.25,5.8,10.0,5.25,5.8,5.4,6.6,9.9,5.77,4.38,5.07,8.5,7.2,7.4,5.8,5.1,8.42,8.4,5.93,4.5,5.8,6.76,6.76,8.15,8.0,8.1,5.42,5.42,5.44,5.8,7.5,6.8,6.72,6.78,4.3,10.0,9.5,6.63,0.46,9.2,7.1,7.1,4.8,6.39,8.1,8.1,4.6,4.08,10.0,5.73,7.39,6.76,5.76,8.85,5.3,6.2,5.5,8.0,6.9,6.53,5.4,7.8,7.59,3.83,5.8,3.83,4.99,8.8,1.8,6.9,8.8,6.72
2012-05-31,2.4,5.7,5.8,3.7,5.9,3.1,3.5,7.05,4.1,5.8,4.73,6.8,4.0,3.76,8.25,5.8,10.0,5.25,5.8,5.4,6.6,5.5,5.77,4.38,6.3,8.5,5.6,5.4,5.8,5.1,8.42,8.4,7.6,4.5,5.8,6.76,6.76,8.15,8.0,8.1,5.42,5.42,5.44,5.8,5.1,6.8,6.72,6.78,4.3,10.0,9.5,6.63,0.46,9.2,7.1,7.1,4.8,6.39,8.1,8.1,4.6,4.08,10.0,5.73,7.39,6.76,5.76,4.9,5.3,6.2,5.5,8.0,6.9,6.53,5.4,5.1,7.59,3.83,5.8,3.83,4.99,8.8,1.8,6.9,8.8,6.72
2012-06-30,2.4,5.7,5.8,3.7,5.9,3.1,3.5,7.05,4.1,5.8,4.73,6.8,4.0,3.76,8.25,5.8,10.0,5.25,5.8,5.9,6.6,5.5,5.77,4.38,6.3,8.5,5.6,5.4,5.8,5.1,8.42,8.4,7.6,4.5,5.8,6.76,6.76,8.15,8.0,8.1,8.7,8.7,5.44,5.8,5.1,6.8,6.72,6.78,4.3,10.0,9.5,5.4,0.46,9.2,7.1,7.1,4.8,6.39,8.1,8.1,4.6,4.08,10.0,5.73,7.39,6.76,5.76,4.9,5.3,6.2,5.5,8.0,6.9,6.53,5.4,5.1,7.0,3.83,5.8,3.83,4.99,8.8,1.8,6.9,8.8,6.72
2012-07-31,2.4,5.7,5.8,3.7,5.9,3.1,3.5,7.05,4.1,5.8,4.73,6.8,4.0,3.76,9.9,5.8,10.0,5.25,5.8,5.9,6.6,5.5,5.77,4.38,6.3,8.5,5.6,5.4,5.8,5.1,7.5,8.4,7.6,4.5,5.8,7.0,7.0,8.15,8.0,8.1,8.7,8.7,5.44,5.8,5.1,6.8,5.1,6.78,4.3,10.0,9.5,5.4,0.46,9.2,7.1,7.1,4.8,6.39,8.1,8.1,4.6,4.08,10.0,4.2,7.39,6.76,5.76,4.9,5.3,6.2,5.5,8.0,6.9,6.53,5.4,5.1,7.0,3.83,5.8,3.83,4.99,8.8,1.8,6.9,8.8,6.72
2012-08-31,2.4,5.7,5.8,3.7,5.9,3.1,3.5,7.05,4.1,5.8,4.73,6.8,4.0,3.76,9.9,5.8,10.0,5.25,5.8,5.9,6.6,5.5,5.77,4.38,6.3,8.5,5.6,5.4,5.8,5.1,7.5,8.4,7.6,4.5,5.8,7.0,7.0,8.15,8.0,8.1,8.7,8.7,8.7,5.8,5.1,6.8,5.1,6.48,4.3,10.0,9.5,5.4,0.46,9.2,7.1,7.1,4.8,6.39,8.1,8.1,4.6,4.08,10.0,4.2,7.39,6.76,5.76,4.9,5.3,6.2,5.5,8.0,6.9,6.53,5.4,5.1,7.0,3.83,5.8,3.83,4.99,8.8,1.8,6.9,8.8,6.72
2012-09-30,2.4,5.8,5.8,2.7,5.9,3.1,3.5,7.05,4.1,5.8,4.73,6.8,4.0,3.76,9.9,6.0,10.0,5.25,5.8,5.9,6.6,5.5,5.4,4.38,6.3,8.5,5.6,5.4,5.8,5.1,7.5,8.4,7.6,4.5,5.8,7.0,7.0,8.15,8.0,8.1,8.7,8.7,8.7,5.8,5.1,4.3,5.1,6.48,4.3,10.0,9.5,5.4,0.46,9.2,7.1,7.1,5.0,6.39,8.1,8.1,4.6,4.08,10.0,4.2,7.39,6.76,5.76,4.9,5.3,6.2,5.3,8.0,6.9,6.53,5.4,5.1,7.0,3.83,5.8,3.83,4.99,8.8,1.8,6.9,8.8,6.72
2012-10-31,1.5,5.8,5.3,2.7,5.8,3.0,3.5,7.05,4.1,5.8,4.73,5.1,4.0,7.3,9.9,6.0,10.0,5.25,6.3,5.9,6.5,5.5,5.4,4.38,6.3,8.5,5.6,5.4,5.8,5.1,7.5,8.4,7.6,4.5,5.8,7.0,7.0,8.15,8.0,8.1,8.7,8.7,8.7,5.8,5.1,4.3,5.1,6.48,4.3,10.0,9.5,5.4,0.46,9.2,7.5,7.5,5.0,6.39,8.1,8.1,4.6,7.4,10.0,4.2,8.4,8.2,5.76,4.9,5.3,6.2,5.3,8.0,6.8,6.53,5.4,5.1,7.0,3.83,5.9,3.83,4.99,6.9,1.8,6.9,8.8,6.72
2012-11-30,1.5,5.8,5.3,2.7,5.8,3.0,3.5,7.05,4.1,5.8,4.73,5.1,4.0,7.3,9.9,6.0,10.0,5.25,6.3,5.9,6.5,5.5,5.4,4.38,6.3,8.5,5.6,5.4,5.8,5.1,7.5,8.4,7.6,4.5,5.8,7.0,7.0,7.7,8.0,9.2,8.7,8.7,8.7,5.8,5.1,4.3,5.1,6.48,4.3,10.0,9.5,5.4,0.46,9.2,7.5,7.5,5.0,7.3,8.1,8.1,8.6,7.4,10.0,4.2,8.4,8.2,5.76,4.9,5.3,7.2,5.3,8.0,6.8,6.53,5.4,5.1,7.0,3.83,5.9,3.83,4.99,6.9,1.2,6.9,8.8,6.72
2012-12-31,1.5,5.8,5.3,2.7,5.8,3.0,3.5,7.05,4.1,5.8,4.73,5.1,4.3,7.3,9.9,6.0,10.0,5.25,6.3,5.9,6.5,5.5,5.4,4.38,6.3,8.5,5.6,5.4,6.1,5.8,7.5,8.4,7.6,4.5,5.8,7.0,7.0,7.7,8.0,9.2,8.7,8.7,8.7,5.8,5.1,4.3,5.1,6.48,4.3,10.0,9.5,5.4,0.46,9.2,7.5,7.5,5.0,7.3,8.1,8.1,8.6,7.4,10.0,4.2,8.4,8.2,5.76,4.9,7.3,7.2,5.3,8.0,6.8,6.53,5.4,5.1,7.0,3.83,5.9,3.83,4.99,6.9,1.2,6.9,8.8,6.72
2013-01-31,1.5,5.8,5.3,2.7,5.8,3.0,3.5,7.0,4.1,5.8,4.7,5.1,4.3,7.3,9.9,6.0,10.0,5.4,6.3,5.9,6.5,5.5,5.4,7.1,6.3,8.5,5.6,5.4,6.1,5.8,7.5,8.4,7.6,4.5,5.8,7.0,7.0,7.7,8.0,9.2,8.7,8.7,8.7,5.8,5.1,4.3,5.1,6.47736,4.3,10.0,9.5,5.4,1.6,9.2,7.5,7.5,5.0,7.3,8.1,8.1,8.6,7.4,10.0,4.2,8.4,8.2,6.6,4.9,7.3,7.2,5.3,8.0,6.8,6.5,5.4,5.1,7.0,4.6,5.9,4.6,8.6,6.9,1.2,6.9,8.8,6.7
2013-02-28,1.5,5.8,5.3,2.7,5.8,3.0,3.5,8.1,4.1,5.8,6.5,5.1,4.3,7.3,9.9,6.0,10.0,5.4,6.3,5.9,6.5,5.5,5.4,7.1,6.3,8.5,5.6,5.4,6.1,5.8,7.5,8.4,7.6,4.5,5.8,7.0,7.0,7.7,8.0,9.2,8.7,8.7,8.7,5.8,5.1,4.3,5.1,6.47736,4.3,10.0,9.5,5.4,1.6,9.2,7.5,7.5,5.0,7.3,8.1,8.1,8.6,7.4,10.0,4.2,8.4,8.2,6.6,4.9,7.3,7.2,5.3,8.0,6.8,8.0,5.4,5.1,7.0,4.6,5.9,4.6,8.6,6.9,1.2,7.8,8.8,7.8
2013-03-31,1.5,5.8,5.3,2.7,5.8,3.0,4.4,8.1,9.0,5.2,6.5,5.1,4.3,7.3,9.9,6.0,10.0,5.4,6.3,5.9,6.5,5.5,5.4,7.1,6.3,8.5,5.6,5.4,6.1,5.8,7.5,10.0,7.6,4.5,5.8,7.0,7.0,7.7,10.0,9.2,8.7,8.7,8.7,5.8,5.1,4.3,5.1,6.47736,4.3,10.0,9.5,5.4,1.6,9.2,7.5,7.5,5.0,7.3,10.0,10.0,8.6,7.4,10.0,4.2,8.4,8.2,6.6,4.9,7.3,7.2,5.3,10.0,6.8,8.0,6.2,5.1,7.0,4.6,5.9,4.6,8.6,6.9,1.2,7.8,10.0,7.8
2013-04-30,1.5,5.8,5.3,2.7,5.8,3.0,4.4,8.1,9.0,5.2,6.5,5.1,4.3,7.3,9.9,6.0,10.0,5.4,6.3,5.9,6.5,5.5,5.4,7.1,6.3,7.1,5.6,5.4,6.1,5.8,7.5,10.0,7.6,4.5,5.8,7.0,7.0,7.7,10.0,9.2,8.7,8.7,8.7,5.8,5.1,4.3,5.1,6.47736,5.9,10.0,9.5,5.4,1.6,9.2,7.5,7.5,5.0,7.3,10.0,10.0,8.6,7.4,10.0,4.2,8.4,8.2,6.6,4.9,7.3,7.2,5.3,10.0,6.8,8.0,6.2,5.1,7.1,4.6,5.9,4.6,8.6,6.9,1.2,7.8,10.0,7.8
2013-05-31,1.5,5.8,5.3,2.7,5.8,3.0,4.4,8.1,9.0,5.2,6.5,5.1,4.3,7.3,9.9,6.0,10.0,5.4,6.3,5.9,6.5,5.5,5.4,7.1,7.3,7.1,7.0,6.9,6.1,5.8,7.5,10.0,6.4,4.5,5.8,7.0,7.0,7.7,10.0,9.2,8.7,8.7,8.7,5.8,6.3,4.3,5.1,6.47736,5.9,10.0,9.5,5.4,1.6,9.2,7.5,7.5,5.0,7.3,10.0,10.0,8.6,7.4,10.0,4.2,8.4,8.2,6.6,5.0,7.3,7.2,5.3,10.0,6.8,8.0,6.2,5.1,7.1,4.6,5.9,4.6,8.6,6.9,1.2,7.8,10.0,7.8
2013-06-30,1.5,5.8,5.3,2.7,5.8,3.0,4.4,8.1,9.0,5.2,6.5,5.1,4.3,7.3,9.9,6.0,10.0,5.4,6.3,4.7,6.5,6.7,5.4,7.1,7.3,7.1,7.0,6.9,6.1,5.8,7.5,10.0,6.4,6.1,5.8,7.0,7.0,7.7,10.0,9.2,8.7,8.7,8.7,5.8,6.3,4.3,5.1,6.47736,5.9,9.4,7.9,5.2,1.6,8.4,7.5,7.5,5.0,7.3,10.0,10.0,8.6,7.4,10.0,4.2,8.4,8.2,6.6,5.0,7.3,7.2,5.3,10.0,6.8,8.0,6.2,5.1,7.1,4.6,5.9,4.6,8.6,6.9,1.2,7.8,10.0,7.8
2013-07-31,1.5,5.8,5.3,2.7,5.8,3.0,4.4,8.1,9.0,5.2,6.5,5.1,4.3,7.3,10.0,6.0,10.0,5.4,6.3,4.7,6.5,6.7,5.1,7.1,7.3,7.1,7.0,6.9,6.1,5.8,7.5,10.0,6.4,6.1,5.8,7.0,7.0,7.7,10.0,9.2,9.7,9.7,9.9,5.8,6.3,4.3,5.1,6.48,5.9,9.4,7.9,5.2,1.6,8.4,7.5,7.5,5.0,7.3,10.0,10.0,8.6,7.4,10.0,3.6,8.4,8.2,6.6,5.0,7.3,7.2,5.3,10.0,6.8,8.0,6.2,5.1,7.1,4.6,5.9,4.6,8.6,6.9,1.2,7.8,10.0,7.8
2013-08-31,1.5,5.8,5.3,2.7,5.8,3.0,4.4,8.1,9.0,5.2,6.5,5.1,4.3,7.3,10.0,6.0,10.0,5.4,6.3,4.7,6.5,6.7,5.1,7.1,7.3,7.1,7.0,6.9,6.1,5.8,8.3,10.0,6.4,6.1,5.8,8.2,8.2,7.7,10.0,9.2,9.7,9.7,9.9,5.8,6.3,4.3,7.4,6.48,5.9,9.4,7.9,5.2,1.6,8.4,7.5,7.5,5.0,7.3,10.0,10.0,8.6,7.4,10.0,3.6,8.4,8.2,6.6,5.0,7.3,7.2,5.3,10.0,6.8,8.0,6.2,5.1,7.1,4.6,5.9,4.6,8.6,6.9,1.2,7.8,10.0,7.8
2013-09-30,1.5,5.8,5.3,2.7,5.8,3.0,4.4,8.1,9.0,5.2,6.5,5.1,4.3,7.3,10.0,6.0,10.0,5.4,6.3,4.7,6.5,6.7,5.1,7.1,7.3,7.1,7.0,6.9,6.1,5.8,8.3,10.0,6.4,6.1,5.8,8.2,8.2,7.7,10.0,9.2,9.7,9.7,9.9,5.8,6.3,4.3,7.4,6.48,5.9,9.4,7.9,5.2,1.6,8.4,7.5,7.5,5.0,7.3,10.0,10.0,8.6,7.4,10.0,3.6,8.4,8.2,6.6,5.0,7.3,7.2,5.3,10.0,6.8,8.0,6.2,5.1,7.1,4.6,5.9,4.6,8.6,6.9,1.2,7.8,10.0,7.8
2013-10-31,1.5,6.4,5.3,3.5,5.8,3.0,4.4,8.1,9.0,5.2,6.5,5.1,4.3,7.3,10.0,6.5,10.0,5.4,6.3,4.7,6.5,6.7,5.1,7.1,7.3,7.1,7.0,6.9,6.1,5.8,8.3,10.0,6.4,6.1,5.8,8.2,8.2,7.7,10.0,9.2,9.7,9.7,9.9,5.8,6.3,4.3,7.4,5.2,5.9,9.4,7.9,5.2,1.6,8.4,7.5,7.5,5.1,7.3,10.0,10.0,8.6,7.4,10.0,3.6,8.4,8.2,6.6,5.0,7.3,7.2,5.7,10.0,6.8,8.0,6.2,5.1,7.1,4.6,5.9,4.6,8.6,6.9,1.2,7.8,10.0,7.8
2013-11-30,1.5,6.4,5.3,3.5,5.8,3.0,4.4,8.1,9.0,5.2,6.5,5.1,4.3,7.3,10.0,6.5,10.0,5.4,6.3,4.7,6.5,6.7,5.1,7.1,7.3,7.1,7.0,6.9,6.1,5.8,8.3,10.0,6.4,6.1,5.3,8.2,8.2,8.4,10.0,9.2,9.7,9.7,9.9,5.8,6.3,4.3,7.4,5.2,5.9,9.4,7.9,5.2,1.6,8.4,7.5,7.5,5.1,7.3,10.0,10.0,8.6,7.4,10.0,3.6,8.7,8.2,6.6,5.0,7.3,7.2,5.7,10.0,6.8,8.0,6.2,5.1,7.1,4.6,5.9,4.6,8.6,6.9,1.2,7.8,10.0,7.8
2013-12-31,2.4,6.4,6.0,3.5,5.8,3.0,4.4,8.1,9.0,5.2,6.5,5.2,4.0,6.4,10.0,6.5,10.0,5.4,5.7,4.7,6.5,6.7,5.1,7.1,7.3,7.1,7.0,6.9,6.1,7.0,8.3,10.0,6.4,6.1,5.3,8.2,8.2,8.4,10.0,9.2,9.7,9.7,9.9,5.8,6.3,4.3,7.4,5.2,5.9,9.4,7.9,5.2,1.6,8.4,7.5,7.5,5.1,7.3,10.0,10.0,8.6,5.1,10.0,3.6,8.7,7.7,6.6,5.0,7.2,7.2,5.7,10.0,6.8,8.0,6.2,5.1,7.1,4.6,6.3,4.6,8.6,5.8,1.3,7.8,10.0,7.8
2014-01-31,2.4,6.4,6.0,3.5,5.8,3.0,4.4,8.1,9.0,5.2,6.5,5.2,4.0,6.4,10.0,6.5,10.0,5.8,5.7,4.7,6.5,6.7,5.1,7.1,7.3,7.1,7.0,6.9,6.1,7.0,8.3,10.0,6.4,6.1,5.3,8.2,8.2,8.4,10.0,9.4,9.7,9.7,9.9,5.8,6.3,4.3,7.4,5.2,5.9,9.4,7.9,5.2,2.1,8.4,7.5,7.5,5.1,7.8,10.0,10.0,8.4,5.1,10.0,3.6,8.7,7.7,6.8,5.0,7.2,7.3,5.7,10.0,6.8,8.0,6.2,5.1,7.1,4.6,6.3,4.6,9.5,5.8,1.3,7.8,10.0,7.8
2014-02-28,2.4,6.4,6.0,3.5,5.8,3.0,4.4,8.1,9.0,5.2,6.5,5.2,4.0,6.4,10.0,6.5,10.0,5.8,5.7,4.7,6.5,6.7,5.1,7.1,7.3,7.1,7.0,6.9,6.1,7.0,8.3,10.0,6.4,6.1,5.3,8.2,8.2,8.4,10.0,9.4,9.7,9.7,9.9,5.8,6.3,4.3,7.4,5.2,5.9,9.4,7.9,5.2,2.1,8.4,7.5,7.5,5.1,7.8,10.0,10.0,8.4,5.1,10.0,3.6,8.7,7.7,6.8,5.0,7.2,7.3,5.7,10.0,6.8,8.0,6.2,5.1,7.1,4.6,6.3,4.6,9.5,5.8,1.3,7.8,10.0,7.8
2014-03-31,2.4,6.4,6.0,3.5,5.3,3.0,4.1,6.5,9.3,5.8,6.5,5.2,4.0,6.4,10.0,6.5,10.0,5.8,5.7,4.7,7.2,6.7,5.1,7.1,7.3,7.1,7.0,6.9,6.1,7.0,8.3,10.0,6.4,6.1,5.3,8.2,8.2,8.4,10.0,9.4,9.7,9.7,9.9,7.5,6.3,4.3,7.4,5.2,5.9,9.4,7.9,5.2,2.1,8.4,7.5,7.5,5.1,7.8,10.0,10.0,8.4,5.1,10.0,3.6,8.7,7.7,6.8,5.0,7.2,7.3,5.7,10.0,6.5,6.4,6.0,5.1,7.1,4.6,6.3,4.6,9.5,5.8,1.3,5.5,10.0,7.0
2014-04-30,2.4,6.4,6.0,3.5,5.3,3.0,4.1,6.5,9.3,5.8,6.5,5.2,4.0,6.4,10.0,6.5,10.0,5.8,5.7,4.7,7.2,6.7,5.1,7.1,7.3,8.3,7.0,6.9,6.1,7.0,8.3,10.0,6.4,6.1,5.3,8.2,8.2,8.4,10.0,9.4,9.7,9.7,9.9,7.5,6.3,4.3,7.4,5.2,5.9,9.4,7.9,5.2,2.1,8.4,7.5,7.5,5.1,7.8,10.0,10.0,8.4,5.1,10.0,3.6,8.7,7.7,6.8,5.0,7.2,7.3,5.7,10.0,6.5,6.4,6.0,5.1,5.5,4.6,6.3,4.6,9.5,5.8,1.3,5.5,10.0,7.0
2014-05-31,2.4,6.4,6.0,3.5,5.3,3.0,4.1,6.5,9.3,5.8,6.5,5.2,4.0,6.4,10.0,6.5,9.7,5.8,5.7,4.7,7.2,6.7,5.1,7.1,6.5,8.3,5.1,5.1,6.1,7.0,8.3,10.0,6.8,3.5,5.3,8.2,8.2,8.4,10.0,9.4,9.7,9.7,9.9,7.5,5.9,4.3,7.4,5.2,4.2,8.6,5.6,5.2,2.1,7.6,7.5,7.5,5.1,7.8,10.0,10.0,8.4,5.1,10.0,3.6,8.7,7.7,6.8,4.4,7.2,7.3,5.7,10.0,6.5,6.4,6.0,5.2,5.5,4.4,6.3,4.4,9.5,5.8,1.3,5.5,10.0,7.0
2014-06-30,2.4,6.4,6.0,3.5,5.3,3.0,4.1,6.5,9.3,5.8,6.5,5.2,4.0,6.4,10.0,6.5,9.7,5.8,5.7,4.4,7.2,6.5,5.1,7.1,6.5,8.3,5.1,5.1,6.1,7.0,8.3,10.0,6.8,3.5,5.3,8.2,8.2,8.4,10.0,9.4,9.7,9.7,7.8,7.5,5.9,4.3,7.4,5.2,4.2,8.6,5.6,5.0,2.1,7.6,7.5,7.5,5.1,7.8,10.0,10.0,8.4,5.1,10.0,3.6,8.7,7.7,6.8,4.4,7.2,7.3,5.7,10.0,6.5,6.4,6.0,5.2,5.5,4.4,6.3,4.4,9.5,5.8,1.3,5.5,10.0,7.0
2014-07-31,2.4,6.4,6.0,3.5,5.3,3.0,4.1,6.5,9.3,5.8,6.5,5.2,4.0,6.4,10.0,6.5,9.7,5.8,5.7,4.4,7.2,6.5,5.1,7.1,6.5,8.3,5.1,5.1,6.1,7.0,6.9,10.0,6.8,3.5,5.3,6.9,6.9,8.4,10.0,9.4,9.7,9.7,7.8,7.5,5.9,4.3,6.3,5.2,4.2,8.6,5.6,5.0,2.1,7.6,7.5,7.5,5.1,7.8,10.0,10.0,8.4,5.1,10.0,3.6,8.7,7.7,6.8,4.4,7.2,7.3,5.7,10.0,6.5,6.4,6.0,5.2,5.5,4.4,6.3,4.4,9.5,5.8,1.3,5.5,10.0,7.0
2014-08-31,2.4,6.4,6.0,3.5,5.3,3.0,4.1,6.5,9.3,5.8,6.5,5.2,4.0,6.4,10.0,6.5,9.7,5.8,5.7,4.4,7.2,6.5,5.1,7.1,6.5,8.3,5.1,5.1,6.1,7.0,6.9,10.0,6.8,3.5,5.3,6.9,6.9,8.4,10.0,9.4,9.7,9.7,7.8,7.5,5.9,4.3,6.3,5.2,4.2,8.6,5.6,5.0,2.1,7.6,7.5,7.5,5.1,7.8,10.0,10.0,8.4,5.1,10.0,6.2,8.7,7.7,6.8,4.4,7.2,7.3,5.7,10.0,6.5,6.4,5.9,5.2,5.5,4.4,6.3,4.4,9.5,5.8,1.3,5.5,10.0,7.0
2014-09-30,2.4,6.2,6.0,3.5,5.3,3.0,4.1,6.5,9.3,5.8,6.5,5.2,4.0,6.4,10.0,6.5,9.7,5.8,5.7,4.4,7.2,6.5,5.1,7.1,6.5,8.3,5.1,5.1,6.1,7.0,6.9,10.0,6.8,3.5,7.2,6.9,6.9,8.4,10.0,9.4,9.7,9.7,7.8,7.5,5.9,4.3,6.3,5.7,4.2,8.6,5.6,5.0,2.1,7.6,7.5,7.5,5.4,7.8,10.0,10.0,8.4,5.1,10.0,6.2,8.7,7.7,6.8,4.4,7.2,7.3,6.7,10.0,6.5,6.4,5.9,5.2,5.5,4.4,6.3,4.4,9.5,5.8,1.3,5.5,10.0,7.0
2014-10-31,3.4,6.2,6.0,3.5,5.3,2.4,4.1,6.5,9.3,5.8,6.5,6.2,4.0,6.4,10.0,6.4,9.7,5.8,5.7,4.4,7.2,6.5,5.7,7.1,6.5,8.3,5.1,5.1,6.1,7.0,6.9,10.0,6.8,3.5,7.2,6.9,6.9,8.4,10.0,9.4,9.7,9.7,7.8,7.5,5.9,4.9,6.3,5.7,4.2,8.6,5.6,5.0,2.1,7.6,6.2,6.2,5.4,7.8,10.0,10.0,8.2,5.1,10.0,6.2,8.7,7.7,6.8,4.4,7.2,7.3,6.7,10.0,6.5,6.4,5.9,5.2,5.5,4.4,6.6,4.4,9.5,6.9,1.3,5.5,10.0,7.0
2014-11-30,3.4,6.2,6.0,3.5,5.3,2.4,5.7,6.5,9.3,5.8,6.5,6.2,4.0,6.4,10.0,6.4,9.7,5.8,5.9,4.4,7.2,6.5,5.7,7.1,6.5,8.3,5.1,5.1,6.1,7.0,6.9,10.0,6.8,3.5,7.2,6.9,6.9,8.7,10.0,9.4,9.7,9.7,7.8,7.5,5.9,4.9,6.3,5.7,4.2,8.6,5.6,5.0,2.1,7.6,6.2,6.2,5.4,7.9,10.0,10.0,8.2,5.1,10.0,6.2,8.7,7.7,6.8,4.4,7.2,7.3,6.7,10.0,6.5,6.4,5.9,5.2,5.5,4.4,6.6,4.4,9.5,6.9,0.3,5.5,10.0,7.0
2014-12-31,3.4,6.2,4.5,3.5,5.3,2.4,5.7,6.5,9.3,5.8,6.5,6.2,3.0,6.0,10.0,6.4,9.7,6.2,5.9,4.4,7.2,6.5,5.7,10.0,6.5,8.3,5.1,5.1,6.3,6.4,6.9,10.0,6.8,3.5,7.2,6.9,6.9,8.7,10.0,9.4,9.7,9.7,7.8,7.5,5.9,4.9,6.3,5.7,4.2,8.6,5.6,5.0,2.8,7.6,6.2,6.2,5.4,7.9,10.0,10.0,8.2,4.4,10.0,6.2,8.7,7.3,6.6,4.4,6.0,7.3,6.7,10.0,6.5,6.4,5.9,5.2,5.5,4.4,6.6,4.4,10.0,6.9,0.3,5.5,10.0,7.0
2015-01-31,3.4,6.2,4.5,3.5,5.3,2.4,5.7,6.5,9.3,5.8,6.5,6.2,3.0,6.0,10.0,6.4,9.7,6.2,5.9,4.4,7.2,6.5,5.7,10.0,6.5,8.3,5.1,5.1,6.3,6.4,6.9,10.0,6.8,3.5,7.2,6.9,6.9,8.7,10.0,9.4,9.7,9.7,7.8,7.5,5.9,4.9,6.3,5.7,4.2,8.6,5.6,5.0,2.8,7.6,6.2,6.2,5.4,7.9,10.0,10.0,8.2,4.4,10.0,6.2,8.7,7.3,6.6,4.4,6.0,7.3,6.7,10.0,6.5,6.4,5.9,5.2,5.5,4.4,6.6,4.4,10.0,6.9,0.3,5.5,10.0,7.0
2015-02-28,3.4,6.2,5.3,3.5,5.3,2.4,5.7,7.3,9.3,5.8,6.5,6.2,3.0,6.0,10.0,6.4,9.7,6.2,5.9,4.4,7.2,6.5,5.7,10.0,6.5,8.3,5.1,5.1,6.3,6.7,6.9,10.0,6.8,3.5,7.2,6.9,6.9,8.7,10.0,9.4,9.7,9.7,7.8,7.5,5.9,4.9,6.3,5.7,4.2,8.6,5.6,5.0,2.8,7.6,6.2,6.2,5.4,7.9,10.0,10.0,8.2,4.4,10.0,6.2,8.7,7.3,6.6,4.4,6.0,7.7,6.7,10.0,6.5,6.5,5.9,5.2,5.5,4.4,6.6,4.4,10.0,6.9,0.3,6.4,10.0,6.6
2015-03-31,3.4,6.2,5.3,3.5,5.9,2.4,5.7,7.3,10.0,6.4,6.5,6.2,3.0,6.0,10.0,6.4,9.7,6.2,5.9,4.4,6.1,6.5,5.7,10.0,6.5,8.3,5.1,5.1,6.3,6.7,6.9,10.0,6.8,3.5,7.2,6.9,6.9,8.7,10.0,9.4,9.7,9.7,7.8,8.3,5.9,4.9,6.3,5.7,4.2,8.6,5.6,5.0,2.8,7.6,6.2,6.2,5.4,7.9,10.0,10.0,8.2,4.4,10.0,6.2,8.7,7.3,6.6,4.4,6.0,7.7,6.7,10.0,6.3,6.5,5.9,5.2,5.5,4.4,6.6,4.4,10.0,6.9,0.3,6.4,9.8,6.6
2015-04-30,3.4,6.2,5.3,3.5,5.9,2.4,5.7,7.3,10.0,6.4,6.5,6.2,3.0,6.0,10.0,6.4,9.7,6.2,5.9,4.4,6.1,6.5,5.7,10.0,6.5,9.0,5.1,5.1,6.3,6.7,6.9,10.0,6.8,3.5,7.2,6.9,6.9,8.7,10.0,9.4,9.7,9.7,7.8,8.3,5.9,4.9,6.3,5.7,4.2,8.6,5.6,5.0,2.8,7.6,6.2,6.2,5.4,7.9,10.0,10.0,8.2,4.4,10.0,6.2,8.7,7.3,6.6,7.3,6.0,7.7,6.7,10.0,6.3,6.5,5.9,5.2,5.9,4.4,6.6,4.4,10.0,6.9,0.3,6.4,9.8,6.6
2015-05-31,3.4,6.2,5.3,3.5,5.9,2.4,5.7,7.3,10.0,6.4,6.5,6.2,3.0,6.0,10.0,6.4,9.7,6.2,5.9,4.4,6.1,6.5,5.7,10.0,7.8,9.0,5.5,5.2,6.3,6.7,6.9,10.0,7.5,4.1,7.2,6.9,6.9,8.7,10.0,9.4,9.7,9.7,7.8,9.3,5.9,4.9,6.3,5.7,3.7,8.6,5.6,5.0,2.8,7.7,6.2,6.2,5.4,7.9,10.0,10.0,8.2,4.4,10.0,6.2,8.7,7.3,6.6,7.3,6.0,7.7,6.7,10.0,6.3,6.5,5.9,5.9,5.9,4.4,6.6,4.4,10.0,6.9,0.3,6.4,9.8,6.6
2015-06-30,3.4,6.2,5.3,3.5,5.9,2.4,5.7,7.3,10.0,6.4,6.5,6.2,3.0,6.0,10.0,6.4,9.7,6.2,5.9,5.5,6.1,6.6,5.7,10.0,7.8,9.0,5.5,5.2,6.3,6.7,6.9,10.0,7.5,4.1,7.2,6.9,6.9,8.7,10.0,9.4,9.7,9.7,7.8,9.3,5.9,4.9,6.3,5.7,3.7,8.7,5.6,5.9,2.8,7.7,6.2,6.2,5.4,7.9,10.0,10.0,8.2,4.4,10.0,6.2,8.7,7.3,6.6,7.3,6.0,7.7,6.7,10.0,6.3,6.5,5.9,5.9,5.9,4.4,6.6,4.4,10.0,6.9,0.3,6.4,9.8,6.6
2015-07-31,3.4,6.2,5.3,3.5,5.9,2.4,5.7,7.3,10.0,6.4,6.5,6.2,3.8,6.0,9.5,6.4,9.9,6.2,5.9,5.5,6.1,6.6,5.7,10.0,7.8,9.1,5.5,5.2,6.3,6.7,6.9,10.0,7.5,4.1,7.2,6.9,6.9,8.7,10.0,9.4,9.7,9.7,7.8,9.3,5.9,4.9,6.3,5.7,3.7,8.7,7.2,5.9,2.8,7.7,6.2,6.2,5.4,7.9,10.0,10.0,8.2,4.4,10.0,5.6,8.7,7.3,6.6,7.3,6.0,7.7,6.7,10.0,6.3,6.5,5.9,5.9,5.9,4.1,6.6,4.1,10.0,6.9,0.3,6.4,9.8,6.6
2015-08-31,3.4,6.2,5.3,3.5,5.9,2.4,5.7,7.3,10.0,6.4,6.5,6.2,3.8,6.0,9.5,6.4,9.9,6.2,5.9,5.5,6.1,6.6,5.7,10.0,7.8,9.1,5.5,5.2,6.3,6.7,6.9,10.0,7.5,4.1,7.2,6.9,6.9,8.7,10.0,9.4,9.7,9.7,7.8,9.3,5.9,4.9,6.3,5.7,3.7,8.7,7.2,5.9,2.8,7.7,6.2,6.2,6.2,7.9,10.0,10.0,8.2,4.4,10.0,5.6,8.7,7.3,6.6,7.3,6.0,7.7,6.7,10.0,6.3,6.5,5.9,5.9,5.9,4.1,6.6,4.1,10.0,6.9,0.3,6.4,9.8,6.6
2015-09-30,3.4,5.8,5.3,3.5,5.9,2.4,5.0,7.3,10.0,6.4,6.5,6.2,3.8,6.0,9.5,6.4,9.9,6.2,5.9,5.5,6.1,6.6,5.7,10.0,7.8,9.1,5.5,5.2,6.3,6.7,6.7,10.0,7.5,4.1,7.2,6.2,6.2,8.7,10.0,9.4,9.7,9.7,7.8,9.3,5.9,4.9,6.0,5.7,3.7,8.7,7.2,5.9,2.8,7.7,6.2,6.2,6.0,7.9,10.0,10.0,8.2,4.4,10.0,5.6,8.7,7.3,6.6,7.3,6.0,7.7,6.5,10.0,6.3,6.5,5.4,5.9,5.9,4.1,6.6,4.1,10.0,6.9,0.3,6.4,9.8,6.6
2015-10-31,4.2,5.8,5.3,3.4,5.9,3.1,5.0,7.3,10.0,6.4,6.5,7.0,7.6,6.0,9.5,6.9,9.9,6.2,5.9,5.5,6.1,6.6,6.4,10.0,7.8,9.1,5.5,5.2,7.1,8.7,6.7,10.0,7.5,4.1,7.1,6.2,6.2,8.7,10.0,8.6,9.7,9.7,7.8,9.3,5.9,4.4,6.0,5.7,3.7,8.7,7.2,5.9,2.8,7.7,7.3,7.3,6.0,7.9,10.0,10.0,4.8,4.4,10.0,5.6,7.6,7.3,6.6,7.3,6.0,7.7,6.5,10.0,6.3,6.5,5.4,5.9,5.9,4.1,8.1,4.1,10.0,4.8,0.3,6.4,9.8,6.6
2015-11-30,4.2,5.8,6.8,3.4,5.9,3.1,5.0,7.3,10.0,6.4,6.5,7.0,7.3,6.0,9.5,6.9,9.9,6.2,7.7,5.5,6.1,6.6,6.4,10.0,7.8,9.1,5.5,5.2,7.1,8.7,6.7,10.0,7.5,4.1,7.1,6.2,6.2,8.1,10.0,8.6,9.7,9.7,7.8,9.3,5.9,4.4,6.0,5.7,3.7,8.7,7.2,5.9,2.8,7.7,7.3,7.3,6.0,7.9,10.0,10.0,4.8,4.4,10.0,5.6,7.6,7.3,6.6,7.3,6.0,6.8,6.6,10.0,6.3,6.5,5.4,5.9,5.9,4.1,8.1,4.1,10.0,4.8,0.3,6.4,9.8,6.6
2015-12-31,4.2,5.7,6.8,3.4,5.9,3.1,5.0,7.3,10.0,6.4,6.5,7.0,7.3,6.0,9.5,6.9,9.9,6.5,7.7,5.5,6.1,6.6,6.4,10.0,7.8,9.1,5.5,5.2,7.1,8.7,6.7,10.0,7.5,4.1,7.1,6.2,6.2,8.1,10.0,8.6,9.7,9.7,7.8,9.3,5.9,4.4,6.0,5.7,3.7,8.7,7.2,5.9,2.4,7.7,7.3,7.3,6.0,6.9,10.0,10.0,4.8,4.4,10.0,5.6,7.6,6.6,5.1,7.3,6.0,6.8,6.6,10.0,6.3,6.5,5.4,5.9,5.9,4.1,8.1,4.1,10.0,4.8,3.1,6.4,9.8,6.6
2016-01-31,4.2,5.7,6.8,3.4,5.9,3.1,5.0,7.3,10.0,6.4,6.5,7.0,7.3,4.2,9.5,6.9,9.9,6.5,7.7,5.5,6.1,6.6,6.4,10.0,7.8,9.1,5.5,5.2,7.1,7.9,6.7,10.0,7.5,4.1,7.1,6.2,6.2,8.1,10.0,8.6,9.7,9.7,7.8,9.3,5.9,4.4,5.9,5.7,3.7,8.7,7.2,5.9,2.4,7.7,7.3,7.3,6.0,7.0,10.0,10.0,4.8,3.1,10.0,5.6,7.6,6.6,5.1,7.3,6.7,6.8,6.6,10.0,6.3,6.5,5.4,5.9,5.9,4.1,8.1,4.1,10.0,4.8,3.1,6.4,9.8,6.6
2016-02-29,4.2,5.7,6.8,3.4,5.9,3.1,5.0,7.5,10.0,6.4,6.4,7.0,7.3,4.2,9.5,6.9,9.9,6.5,7.7,5.5,6.1,6.6,6.4,10.0,7.8,9.1,5.5,5.2,7.1,7.9,6.7,10.0,7.5,4.1,7.1,6.2,6.2,8.1,10.0,8.6,9.7,9.7,7.8,9.3,5.9,4.4,5.9,5.7,3.7,8.7,7.2,5.9,2.4,7.7,7.3,7.3,6.0,7.0,10.0,10.0,4.8,3.1,10.0,5.6,7.6,6.6,5.1,7.3,6.7,6.8,6.6,10.0,6.3,6.3,5.4,5.9,5.9,4.1,8.1,4.1,10.0,4.8,3.1,6.3,9.8,6.5
2016-03-31,4.2,5.7,6.8,3.4,5.5,3.1,5.0,7.5,10.0,6.4,6.4,7.0,7.3,4.2,9.5,6.9,9.9,6.5,7.7,5.5,6.2,6.6,6.4,10.0,7.8,9.1,5.5,5.2,7.1,7.9,6.7,9.4,7.5,4.1,7.1,6.2,6.2,8.1,10.0,8.6,9.7,9.7,7.8,10.0,5.9,4.4,5.9,5.7,3.7,8.7,7.2,5.9,2.4,7.7,7.3,7.3,6.0,7.0,0.0,0.0,4.8,3.1,10.0,5.6,7.6,6.6,5.1,8.8,6.7,6.7,6.6,10.0,6.6,6.3,5.4,5.9,5.9,4.1,8.1,4.1,10.0,4.8,3.1,6.3,8.9,6.5
2016-04-30,4.2,5.7,6.8,3.4,5.5,3.1,5.0,7.5,10.0,7.7,6.4,7.0,7.3,4.2,9.5,6.9,9.9,6.5,7.7,5.5,6.2,6.6,6.4,10.0,7.8,9.1,5.5,5.2,7.1,7.9,6.7,9.4,7.5,4.1,7.1,6.2,6.2,8.1,10.0,8.6,9.7,9.7,7.8,10.0,5.9,4.4,5.9,5.7,3.7,8.7,7.2,5.9,2.4,7.7,7.3,7.3,6.0,7.0,10.0,10.0,4.8,3.1,10.0,5.6,7.6,6.6,5.1,8.8,7.6,6.7,6.6,10.0,6.7,6.3,5.4,5.9,5.6,4.1,8.1,4.1,10.0,4.8,3.1,6.3,8.9,6.5
2016-05-31,4.2,5.7,6.8,3.4,5.5,3.1,5.0,7.5,10.0,7.7,6.4,7.0,7.3,4.2,9.5,6.9,9.9,6.5,7.7,5.7,6.2,6.6,6.4,10.0,7.8,9.1,5.5,5.2,7.1,7.9,6.7,9.4,7.5,4.0,7.1,6.2,6.2,8.1,10.0,8.6,9.7,9.7,7.8,9.7,5.5,4.4,5.9,5.7,4.8,8.7,7.2,5.5,2.4,7.7,7.3,7.3,6.0,7.0,10.0,10.0,4.8,3.1,10.0,5.6,7.6,6.6,5.1,8.8,7.6,6.7,6.6,10.0,6.7,6.3,5.4,5.9,5.6,4.1,8.1,4.1,10.0,4.8,3.1,6.3,8.9,6.5
2016-06-30,4.2,5.7,6.8,3.4,5.5,3.1,5.0,7.5,10.0,7.7,6.4,7.0,7.3,4.2,9.5,6.9,9.9,6.5,7.7,5.6,6.2,6.6,6.4,10.0,7.8,9.1,5.5,4.9,7.1,7.9,6.7,9.4,7.5,4.0,7.1,6.2,6.2,8.1,10.0,8.6,7.9,7.9,7.3,9.7,5.5,4.4,5.9,5.7,4.8,8.7,7.2,7.2,2.4,8.4,7.3,7.3,6.0,7.0,10.0,10.0,4.8,3.1,10.0,5.6,7.6,6.6,5.1,8.8,7.6,6.7,6.6,10.0,6.7,6.3,5.4,5.9,5.6,3.7,8.1,3.7,10.0,4.8,3.1,6.3,8.9,6.5
2016-07-31,4.2,5.7,6.8,3.4,5.5,3.1,5.0,7.5,10.0,7.7,6.4,7.0,7.3,4.2,9.5,6.9,9.9,6.5,7.7,5.6,9.5,6.6,6.4,10.0,7.8,9.1,5.5,4.9,7.1,7.9,6.7,9.4,7.5,4.0,7.1,6.2,6.2,8.1,10.0,8.6,7.9,7.9,7.3,9.7,5.5,4.4,5.9,5.7,4.8,8.7,7.2,7.2,2.4,8.4,7.3,7.3,6.0,7.0,10.0,10.0,4.8,3.1,10.0,5.7,7.6,6.6,5.1,8.8,7.6,6.7,6.9,10.0,6.7,6.3,5.4,5.9,5.6,3.5,8.1,3.5,10.0,4.8,3.1,6.3,8.9,6.5
2016-08-31,4.2,6.3,6.8,3.4,5.5,3.1,5.0,7.5,10.0,7.7,6.4,7.0,7.3,4.2,9.5,6.9,9.9,6.5,7.7,5.5,9.5,6.6,6.4,10.0,7.8,9.1,5.5,4.9,7.1,7.9,8.4,9.4,7.5,4.0,7.1,6.1,6.1,8.1,10.0,8.6,7.9,7.9,7.3,9.7,7.3,4.4,5.5,5.7,4.8,8.5,7.2,7.2,2.4,8.4,7.3,7.3,5.8,7.0,10.0,10.0,4.8,3.1,10.0,5.7,7.6,6.6,5.1,8.8,7.6,6.7,6.9,10.0,6.7,6.3,5.4,5.9,5.6,3.5,8.1,3.5,10.0,4.8,3.1,6.3,10.0,6.5
2016-09-30,4.2,6.3,6.8,3.4,5.5,3.1,4.9,7.5,10.0,7.7,6.4,7.0,7.3,4.2,9.5,6.9,9.9,6.5,7.7,5.5,9.5,6.6,6.4,10.0,7.4,9.1,5.5,4.9,7.1,7.9,8.4,9.4,7.5,4.0,7.1,6.1,6.1,8.1,10.0,8.6,7.9,7.9,7.3,9.7,7.3,4.4,5.5,7.3,4.8,8.5,7.2,7.2,2.4,8.4,7.3,7.3,5.9,7.3,10.0,10.0,4.8,3.1,10.0,5.7,7.6,6.6,5.1,8.8,7.6,6.7,6.3,10.0,6.7,6.3,5.4,5.9,5.6,3.5,8.1,3.5,10.0,4.8,3.1,6.3,10.0,6.5
2016-10-31,4.2,6.3,6.8,3.4,5.5,3.1,4.9,7.5,10.0,7.7,6.4,7.0,6.6,4.2,9.5,6.3,9.9,6.5,7.7,5.5,9.5,6.6,6.4,10.0,7.4,9.1,5.5,4.9,7.3,7.7,8.4,9.4,7.5,4.0,7.1,6.1,6.1,9.6,10.0,8.6,7.9,7.9,7.3,9.7,7.3,5.1,5.5,7.3,4.8,8.5,8.3,7.3,2.4,8.4,6.4,6.4,5.9,7.3,10.0,10.0,4.8,3.1,10.0,5.7,7.8,6.6,5.1,9.0,7.6,7.4,6.4,10.0,6.7,6.3,5.4,5.9,5.6,3.5,8.1,3.5,10.0,4.8,3.1,6.3,10.0,6.5
2016-11-30,3.3,6.5,6.8,3.4,5.5,4.0,4.9,7.5,10.0,7.7,6.4,7.5,6.6,4.2,9.5,6.3,9.9,6.5,8.4,5.5,9.5,6.6,7.1,10.0,7.4,9.1,5.5,4.9,6.5,7.7,8.4,9.6,7.5,4.0,7.1,6.1,6.1,9.6,10.0,7.8,7.9,7.9,7.3,9.7,7.3,5.1,5.5,7.3,4.8,8.5,8.3,7.3,2.4,8.4,6.4,6.4,5.9,6.8,10.0,10.0,5.7,3.1,10.0,5.7,7.8,6.6,5.2,9.0,7.6,7.4,6.4,10.0,6.7,6.3,5.4,5.9,5.6,3.5,7.8,3.5,10.0,5.2,4.2,6.3,10.0,6.5
2016-12-31,3.3,6.5,7.3,3.4,5.5,4.0,4.9,7.5,10.0,7.7,6.4,7.5,6.6,4.7,9.5,6.3,9.9,6.6,8.4,5.5,9.5,6.6,7.1,10.0,7.4,9.1,5.5,4.9,6.5,7.7,8.4,9.6,7.5,4.0,7.1,6.1,6.1,9.6,9.4,6.6,7.9,7.9,7.3,9.7,7.3,5.1,5.5,7.3,4.8,8.5,8.3,7.3,3.2,8.4,6.4,6.4,5.9,6.8,10.0,10.0,5.7,3.0,10.0,5.7,7.8,6.6,5.0,9.0,6.8,7.4,6.4,10.0,6.7,6.3,5.4,5.9,5.6,3.5,7.8,3.5,10.0,5.2,4.2,6.3,10.0,6.5
2017-01-31,3.3,6.5,7.3,3.4,5.5,4.0,4.9,7.5,10.0,7.7,6.4,6.7,6.6,4.7,9.5,6.3,9.9,6.6,7.6,5.5,9.5,6.6,7.1,6.3,7.4,9.1,5.5,4.9,6.5,7.7,8.4,9.6,7.5,4.0,7.9,6.1,6.1,9.6,9.4,6.6,7.9,7.9,7.3,9.7,7.3,5.1,5.5,7.3,4.8,8.5,8.3,7.3,3.2,8.4,5.6,5.6,5.9,6.7,10.0,10.0,5.7,3.0,10.0,5.7,7.8,6.6,5.0,9.0,6.0,7.4,6.4,10.0,6.7,6.3,5.4,5.9,5.6,3.5,7.8,3.5,9.9,5.2,4.2,6.3,10.0,6.5
2017-02-28,3.3,6.5,7.3,3.4,5.8,4.0,4.9,7.5,8.8,7.7,6.4,6.7,6.6,4.7,9.5,6.3,9.9,6.6,7.6,5.5,9.5,6.6,7.1,6.3,7.4,9.1,5.5,4.9,6.5,7.7,8.4,9.6,7.5,4.0,7.9,6.1,6.1,9.6,9.4,6.6,7.9,7.9,7.3,10.0,7.3,5.1,5.5,7.3,4.8,8.5,8.3,7.3,3.2,8.4,5.6,5.6,5.9,6.7,10.0,10.0,5.7,3.0,10.0,5.7,7.8,6.6,5.0,9.0,6.0,7.4,6.4,9.7,4.2,6.3,5.4,5.9,5.6,3.5,7.8,3.5,9.9,5.2,4.2,6.3,10.0,6.5
2017-03-31,3.3,6.5,7.3,3.4,5.8,4.0,4.9,7.1,8.8,5.8,6.2,6.7,6.6,4.7,9.5,6.3,9.9,6.6,7.6,5.5,9.5,6.6,7.1,6.3,7.4,9.1,5.5,4.9,6.5,7.7,8.4,9.6,7.5,4.0,7.9,6.1,6.1,9.6,9.4,6.6,7.9,7.9,7.2,10.0,7.3,5.1,5.5,7.3,4.8,8.5,8.3,7.3,3.2,8.4,5.6,5.6,5.9,6.7,10.0,10.0,5.7,3.0,10.0,5.7,7.8,6.6,5.0,9.0,6.0,7.5,6.4,9.7,4.2,5.6,5.4,5.9,5.6,3.5,7.8,3.5,9.9,5.2,4.2,6.0,10.0,6.3
2017-04-30,3.3,6.5,7.3,3.4,5.8,4.0,4.9,7.1,8.8,5.8,6.2,6.7,6.6,4.7,9.5,6.3,9.9,6.6,7.6,5.5,9.5,6.6,7.1,6.3,7.4,9.1,5.5,4.9,6.5,7.7,8.4,9.6,7.5,4.0,7.9,6.1,6.1,9.6,9.4,6.6,7.8,7.8,7.2,10.0,7.3,5.1,5.5,7.3,4.8,8.5,8.3,7.3,3.2,8.4,5.6,5.6,5.9,6.7,10.0,10.0,5.7,3.0,10.0,5.7,7.8,6.6,5.0,10.0,6.0,7.5,6.4,9.7,4.2,5.6,5.4,5.9,5.6,3.7,7.8,3.7,9.9,5.2,4.2,6.0,10.0,6.3
2017-05-31,3.3,6.5,7.3,3.4,5.8,4.0,4.9,7.1,8.8,5.8,6.2,6.7,6.6,4.7,9.5,6.3,10.0,6.6,7.6,5.5,9.5,6.8,7.1,6.3,7.4,8.6,5.5,4.9,6.5,7.7,8.4,9.6,7.5,3.8,7.9,6.1,6.1,9.6,9.4,6.6,10.0,10.0,8.5,10.0,7.3,5.1,5.5,7.3,4.8,8.0,8.3,7.3,3.2,8.3,5.6,5.6,6.0,6.7,10.0,10.0,5.7,3.0,10.0,5.7,7.8,6.6,5.0,10.0,6.0,7.5,6.4,9.7,4.2,5.6,5.4,5.9,5.6,3.7,7.8,3.7,9.9,5.2,4.2,6.0,10.0,6.3
2017-06-30,3.3,6.5,7.3,3.4,5.8,4.0,4.9,7.1,8.8,5.8,6.2,6.7,6.6,4.7,9.5,6.3,10.0,6.6,7.6,5.5,9.5,6.8,7.1,6.3,7.4,8.6,5.5,5.1,6.5,7.7,8.4,9.6,7.5,3.8,7.9,6.1,6.1,9.6,9.4,6.6,10.0,10.0,8.5,10.0,7.2,5.1,5.5,7.3,4.8,8.0,8.3,7.2,3.2,8.3,5.6,5.6,6.0,6.7,10.0,10.0,5.7,3.0,10.0,5.7,7.8,6.6,5.0,10.0,6.0,7.5,6.4,9.7,4.2,5.6,5.4,5.9,5.6,3.7,7.8,3.7,9.9,5.2,4.2,6.0,10.0,6.3
2017-07-31,3.3,6.5,7.3,3.4,5.8,4.0,4.9,7.1,8.8,5.8,6.2,6.7,6.6,4.7,9.5,6.3,10.0,6.6,7.6,5.9,9.5,6.8,7.1,6.3,7.4,8.6,5.5,5.1,6.5,7.7,8.4,9.6,7.5,3.8,7.9,6.1,6.1,9.6,9.4,6.9,10.0,10.0,8.5,10.0,7.2,5.1,5.5,7.3,4.8,8.0,8.3,7.2,3.2,8.3,5.6,5.6,6.0,6.7,10.0,10.0,5.7,3.0,10.0,5.5,7.8,6.6,5.0,10.0,6.0,7.5,6.4,9.7,4.2,5.6,5.4,5.9,5.6,2.8,7.8,2.8,9.9,5.2,4.2,6.0,10.0,6.3
2017-08-31,3.3,6.8,7.3,3.7,5.8,4.0,4.9,7.2,8.8,5.8,6.2,6.7,6.6,4.7,9.3,6.3,10.0,6.6,7.6,5.9,9.5,6.8,7.1,6.3,7.4,8.6,5.7,5.1,6.5,7.7,7.1,9.6,7.5,3.8,7.8,5.6,5.6,9.6,9.4,6.9,10.0,10.0,8.5,10.0,7.2,5.4,5.1,7.3,4.8,8.0,8.3,7.2,3.2,8.3,5.6,5.6,5.9,6.7,10.0,10.0,5.7,3.0,10.0,5.5,7.8,6.6,5.0,10.0,6.0,7.5,5.6,9.7,4.2,5.6,5.4,6.1,5.6,2.8,7.8,2.8,9.9,5.2,4.2,6.0,10.0,6.3
2017-09-30,3.3,6.8,7.3,3.7,5.8,4.0,3.3,7.2,8.8,5.8,6.2,6.7,6.6,4.7,9.3,6.3,10.0,6.6,7.6,5.9,9.5,6.8,8.0,6.3,8.0,8.6,5.7,5.1,6.5,7.7,7.1,9.6,7.5,3.8,7.8,5.6,5.6,9.6,9.4,6.9,10.0,10.0,8.5,10.0,7.2,5.4,5.2,7.3,4.8,8.0,8.3,7.2,3.2,8.3,5.6,5.6,5.9,6.7,10.0,10.0,5.7,3.0,10.0,5.5,7.8,6.6,5.0,10.0,6.0,7.5,5.6,9.7,4.2,5.6,5.2,6.1,5.6,2.8,7.8,2.8,9.9,5.2,4.2,6.0,10.0,6.3
2017-10-31,3.3,6.8,7.3,3.7,5.8,4.0,3.3,7.2,8.8,5.8,6.2,6.7,7.1,4.7,9.3,6.3,10.0,6.6,7.6,5.9,9.5,6.8,8.0,6.3,8.0,8.6,5.7,5.1,6.6,7.4,7.1,9.6,8.0,3.8,7.8,5.6,5.6,7.8,10.0,6.9,10.0,10.0,8.5,10.0,7.2,6.1,5.2,6.0,4.8,8.0,8.3,7.2,3.2,8.3,5.6,5.6,5.9,6.7,10.0,10.0,5.7,3.0,10.0,5.5,7.8,6.6,5.0,10.0,6.0,7.5,5.6,9.7,4.2,5.6,5.2,6.1,5.6,2.8,7.8,2.8,9.9,5.2,4.2,6.0,10.0,6.3
2017-11-30,4.3,6.8,7.3,3.7,5.8,4.0,3.3,7.2,8.8,5.8,6.2,6.7,7.1,4.7,9.3,6.3,10.0,6.6,7.6,5.9,9.5,6.8,8.0,6.3,8.0,8.6,5.7,5.1,6.6,7.4,7.1,9.6,8.0,3.8,7.8,5.6,5.6,7.8,10.0,7.6,10.0,10.0,8.5,10.0,7.2,6.1,6.6,6.0,4.8,8.0,8.3,7.5,3.2,8.3,5.6,5.6,5.9,6.8,10.0,10.0,6.5,3.0,10.0,5.5,7.8,6.6,6.2,10.0,5.9,7.8,5.6,9.7,4.2,5.6,5.2,6.1,5.6,2.8,7.8,2.8,9.9,5.2,4.0,6.0,10.0,6.3
2017-12-31,4.3,6.8,7.0,3.7,5.8,4.0,3.5,7.2,8.8,5.8,6.2,6.7,7.1,4.7,9.3,6.3,10.0,7.0,7.6,5.9,9.5,6.8,8.0,7.5,8.0,8.6,5.7,5.1,6.6,7.4,7.1,9.6,8.0,3.8,7.8,5.6,5.6,7.8,10.0,7.6,10.0,10.0,8.5,10.0,7.2,6.1,6.6,6.0,4.8,8.0,8.3,7.5,3.2,8.3,5.6,5.6,5.9,6.8,10.0,10.0,6.5,3.0,10.0,5.5,7.8,6.6,5.5,10.0,5.9,7.8,5.6,9.7,4.2,5.6,5.0,6.1,5.6,2.8,7.8,2.8,8.4,5.2,4.2,6.0,10.0,6.3
2018-01-31,4.3,6.8,7.0,3.7,5.8,4.0,3.5,7.2,8.8,5.8,6.2,6.7,7.1,4.4,9.3,6.3,10.0,7.0,8.2,5.9,9.5,6.8,8.0,7.5,8.0,8.6,5.7,4.6,6.6,7.4,7.1,9.6,8.0,3.8,7.8,5.6,5.6,7.8,10.0,7.6,10.0,10.0,8.5,10.0,7.0,6.1,6.6,6.0,4.8,8.0,8.3,7.5,4.3,8.3,5.6,5.6,5.2,6.8,10.0,10.0,6.5,4.1,10.0,5.7,10.0,5.4,5.5,10.0,5.9,7.8,5.6,9.7,4.2,5.6,5.0,6.1,5.6,2.8,9.2,2.8,8.4,5.2,4.2,6.1,10.0,6.3
2018-02-28,4.3,6.8,7.0,3.7,5.5,4.0,3.5,7.2,8.8,5.9,6.2,6.7,7.1,4.4,9.3,6.3,10.0,7.0,8.2,5.9,10.0,6.8,8.0,7.5,8.0,8.6,5.7,4.6,6.6,7.4,7.1,9.6,8.0,3.8,7.8,5.6,5.6,7.8,10.0,7.6,10.0,10.0,8.5,10.0,7.0,6.1,6.6,6.0,4.8,8.0,8.3,7.5,4.3,8.3,5.6,5.6,5.2,6.8,10.0,10.0,6.5,4.1,10.0,5.7,10.0,5.4,5.5,10.0,5.9,7.8,5.6,9.6,4.2,5.6,5.0,6.1,5.6,2.8,7.7,2.8,8.4,5.2,4.2,6.1,10.0,6.3
2018-03-31,4.3,6.8,7.0,3.7,5.5,4.0,3.5,6.9,10.0,5.9,6.1,6.7,7.1,4.4,9.3,6.3,10.0,7.0,8.2,5.9,10.0,6.8,8.0,7.5,8.0,8.6,5.7,4.6,6.6,7.4,7.1,10.0,8.0,3.8,7.8,5.6,5.6,7.8,10.0,7.6,10.0,10.0,8.5,10.0,7.0,6.1,6.6,6.0,4.8,8.0,8.3,7.5,4.3,8.3,5.6,5.6,5.2,6.8,9.6,9.6,6.5,4.1,10.0,5.7,10.0,5.4,5.5,10.0,5.9,7.8,5.6,10.0,4.2,5.6,5.0,6.1,5.6,2.8,7.7,2.8,8.4,5.2,4.2,5.8,10.0,6.3
2018-04-30,4.3,6.8,7.0,3.7,5.5,4.0,3.5,6.9,10.0,6.6,6.1,6.7,7.1,4.4,9.3,6.3,10.0,6.9,8.2,5.9,10.0,6.8,8.0,7.5,8.0,8.6,5.7,4.6,6.6,7.4,7.1,10.0,8.0,3.8,7.8,5.6,5.6,7.8,10.0,7.6,10.0,10.0,8.5,10.0,7.0,6.1,6.6,6.0,4.7,8.0,8.3,7.5,4.3,8.3,5.6,5.6,5.2,6.8,9.6,9.6,6.5,4.1,10.0,5.7,10.0,5.4,5.5,10.0,5.9,7.8,5.6,10.0,4.2,5.8,5.0,6.1,5.6,2.8,7.5,2.8,8.4,5.2,4.2,5.8,10.0,5.4
2018-05-31,4.3,6.8,7.0,3.7,5.5,4.0,3.5,6.9,10.0,6.6,6.1,6.7,7.1,4.4,9.3,6.3,10.0,6.9,8.2,5.9,10.0,6.8,8.0,7.5,8.0,8.7,5.7,4.6,6.6,7.4,7.1,10.0,8.0,3.8,7.8,5.6,5.6,7.8,10.0,7.6,10.0,10.0,8.5,10.0,7.0,6.1,6.6,6.0,4.7,8.0,6.7,7.5,4.3,8.3,5.6,5.6,5.2,6.9,9.6,9.6,6.5,4.1,10.0,5.7,10.0,5.4,5.5,10.0,5.9,7.8,5.6,10.0,4.2,5.8,5.0,6.1,5.6,2.8,7.5,2.8,8.4,5.2,4.2,5.8,10.0,5.4
2018-06-30,4.3,6.8,7.0,3.7,5.5,4.0,3.5,6.9,10.0,6.6,6.1,6.7,7.1,4.4,9.3,6.3,9.6,6.9,8.2,6.3,10.0,6.6,8.0,7.5,8.0,8.7,5.7,4.1,6.6,7.4,7.1,10.0,8.0,3.8,7.8,5.6,5.6,7.8,10.0,7.6,10.0,10.0,9.8,10.0,5.8,6.1,6.6,6.0,4.7,8.0,6.7,7.6,4.3,8.3,5.6,5.6,5.4,6.9,9.6,9.6,6.5,4.1,10.0,5.7,10.0,5.4,6.6,10.0,5.9,7.8,5.6,10.0,4.2,5.8,5.0,6.1,5.2,3.0,7.5,3.0,8.4,5.2,3.7,5.8,10.0,5.4
2018-07-31,4.3,6.4,7.0,3.7,5.5,4.0,3.5,6.9,10.0,6.6,6.1,6.7,7.1,4.4,9.3,6.3,9.6,6.8,8.2,6.3,10.0,6.6,7.4,7.5,8.0,8.7,5.7,4.1,6.6,7.4,7.1,10.0,8.0,3.8,7.8,5.6,5.6,7.8,10.0,7.6,10.0,10.0,9.8,10.0,5.8,6.1,6.6,6.0,4.7,8.0,6.7,7.6,4.3,8.3,5.6,5.6,5.4,6.9,9.6,9.6,6.5,4.1,10.0,5.7,10.0,5.4,6.6,10.0,5.9,7.8,5.6,10.0,4.2,5.8,5.0,6.1,5.2,3.1,7.5,3.1,8.4,5.2,3.7,5.8,10.0,5.4
2018-08-31,4.3,6.4,7.0,3.7,5.5,4.0,3.5,6.9,10.0,6.5,6.1,6.7,7.1,4.4,9.2,6.3,9.6,6.8,8.2,6.3,10.0,6.6,7.4,10.0,8.0,8.7,5.7,4.1,6.6,7.4,7.1,10.0,8.0,3.8,8.9,5.6,5.6,7.8,10.0,7.6,10.0,10.0,9.8,10.0,5.8,6.1,6.6,5.9,4.7,8.0,6.7,7.6,3.5,8.3,5.6,5.6,5.5,6.9,9.6,9.6,6.5,4.1,10.0,6.2,10.0,5.4,6.6,10.0,5.9,8.0,5.6,10.0,4.2,5.8,5.0,6.1,5.2,3.1,7.5,3.1,8.4,5.2,3.7,5.8,10.0,5.3
2018-09-30,4.3,6.4,7.0,3.4,5.5,4.0,3.5,6.9,10.0,6.5,6.1,6.7,7.1,4.4,9.2,6.3,9.6,6.8,8.2,6.3,10.0,6.6,7.4,10.0,8.0,8.7,5.1,4.1,6.6,7.4,5.5,10.0,8.0,3.8,8.9,6.5,6.5,8.8,10.0,7.6,10.0,10.0,9.8,10.0,5.8,6.1,5.6,5.9,4.7,8.0,6.7,7.6,3.5,8.3,5.6,5.6,5.5,6.9,9.6,9.6,5.9,4.1,10.0,6.2,10.0,5.4,7.5,10.0,5.9,8.0,5.6,10.0,4.2,5.8,5.0,5.7,5.2,3.1,7.5,3.1,8.4,5.2,3.7,5.8,10.0,5.3
2018-10-31,4.3,6.4,7.0,3.4,5.5,4.0,3.6,6.9,10.0,6.5,6.1,6.9,7.1,4.4,9.2,6.7,9.6,6.8,8.2,6.3,10.0,6.6,7.4,10.0,8.0,8.7,5.1,4.1,6.1,7.5,5.5,10.0,8.0,3.8,8.9,6.5,6.5,8.8,10.0,7.6,10.0,10.0,9.8,10.0,5.8,6.2,5.6,5.6,4.7,8.0,6.7,7.6,4.2,8.3,5.6,5.6,5.5,6.9,9.6,9.6,5.9,4.1,10.0,6.2,10.0,5.4,7.5,10.0,5.9,8.0,5.6,10.0,4.2,5.8,3.9,5.7,5.2,3.1,7.5,3.1,8.4,5.2,3.7,5.8,10.0,5.3
2018-11-30,4.3,6.4,7.0,3.4,5.5,4.0,3.6,6.9,10.0,6.5,6.1,6.9,6.7,4.4,9.2,6.7,9.6,6.8,8.8,6.3,10.0,6.6,7.4,10.0,8.0,8.7,5.1,4.1,6.1,7.5,5.5,10.0,8.0,3.8,8.9,6.5,6.5,8.8,10.0,7.6,10.0,10.0,9.8,10.0,5.8,6.2,5.6,5.6,4.7,8.0,6.7,7.6,4.2,8.3,5.6,5.6,5.6,6.9,9.6,9.6,5.9,4.1,10.0,6.2,10.0,5.4,7.5,10.0,5.9,7.9,5.6,10.0,4.2,5.8,3.9,5.7,5.2,3.1,7.5,3.1,8.4,5.2,3.7,5.8,10.0,5.3
2018-12-31,4.3,6.4,7.0,3.4,5.5,4.0,3.6,6.9,10.0,6.5,6.1,6.9,6.7,4.4,9.2,6.7,9.6,8.4,8.8,6.3,10.0,6.6,8.0,10.0,8.0,8.7,5.1,4.1,6.1,7.5,5.5,10.0,8.0,3.8,8.9,6.5,6.5,8.8,10.0,7.6,10.0,10.0,9.8,10.0,5.8,6.2,5.6,5.6,4.7,8.0,6.7,7.6,4.2,8.3,5.6,5.6,5.6,6.9,9.6,9.6,5.9,4.1,10.0,6.2,10.0,5.4,7.5,10.0,6.0,7.9,5.6,10.0,4.2,5.8,3.9,5.7,5.2,3.1,7.5,3.1,8.4,5.2,3.9,5.8,10.0,5.3
2019-01-31,4.3,6.4,7.2,3.4,5.5,4.0,3.6,6.9,10.0,6.5,6.1,6.9,6.7,5.5,9.2,6.7,9.6,7.3,8.8,6.3,10.0,6.6,8.0,6.8,8.0,8.7,5.1,4.1,6.1,7.5,5.5,10.0,8.0,3.8,8.9,6.5,6.5,8.8,10.0,7.6,10.0,10.0,9.8,10.0,5.8,6.2,5.6,5.6,4.7,8.0,6.7,7.6,4.8,8.3,5.6,5.6,5.6,6.9,9.6,9.6,5.9,5.2,10.0,6.2,10.0,5.3,6.9,10.0,6.0,7.9,5.6,10.0,4.2,5.8,3.9,5.7,5.2,3.1,7.5,3.1,8.4,5.2,3.9,5.8,10.0,5.3
2019-02-28,4.3,6.4,7.2,3.4,5.5,4.0,3.6,6.9,10.0,6.5,6.1,6.9,6.7,5.5,9.2,6.7,9.6,7.3,8.8,6.3,10.0,6.6,8.0,6.8,8.0,8.7,5.1,4.1,6.1,7.5,5.5,10.0,8.0,3.8,8.9,6.5,6.5,8.8,10.0,7.6,10.0,10.0,9.8,10.0,5.8,6.2,5.6,5.6,4.7,8.0,6.7,7.6,4.8,8.3,5.6,5.6,5.6,6.9,9.6,9.6,5.9,5.2,10.0,6.2,10.0,5.3,6.9,10.0,6.0,7.9,5.6,10.0,4.2,5.8,3.9,5.7,5.2,3.1,7.5,3.1,8.4,5.2,3.9,5.8,10.0,5.3
2019-03-31,4.3,6.4,7.2,3.4,5.3,4.0,3.6,6.9,10.0,6.5,6.1,6.9,6.7,5.5,9.2,6.7,9.8,7.3,8.8,6.3,10.0,6.6,8.0,6.8,8.0,8.7,5.1,4.1,6.1,7.5,5.5,10.0,8.0,3.8,8.9,6.5,6.5,8.8,10.0,7.6,10.0,10.0,9.8,10.0,5.8,6.2,5.6,5.6,4.7,8.0,6.7,7.6,4.8,8.3,5.6,5.6,5.6,6.9,9.6,9.6,5.9,5.2,10.0,6.2,10.0,5.3,6.9,10.0,6.0,7.9,5.6,10.0,4.2,5.8,3.9,5.7,5.2,3.1,7.5,3.1,8.4,5.2,3.9,5.1,10.0,5.3
2019-04-30,4.3,6.4,7.2,3.4,5.3,4.0,3.6,6.9,10.0,6.2,5.6,6.9,6.7,5.5,9.2,6.7,9.8,5.8,8.8,6.3,10.0,6.6,8.0,6.8,8.0,8.7,5.1,4.1,6.1,8.0,5.5,10.0,8.0,3.8,8.9,6.5,6.5,8.8,10.0,7.6,10.0,10.0,9.8,10.0,5.8,6.2,5.6,5.6,4.7,8.0,6.7,7.6,3.0,8.3,5.6,5.6,5.6,7.6,9.6,9.6,5.9,5.2,10.0,4.6,10.0,5.3,6.9,10.0,6.0,7.9,5.6,10.0,4.2,4.8,3.9,5.7,5.2,2.6,7.5,2.6,8.4,5.2,1.8,5.1,10.0,5.3
2019-05-31,4.3,6.4,7.2,3.4,5.3,4.0,3.6,6.9,10.0,6.0,5.6,6.9,6.7,5.5,9.2,6.7,9.8,5.8,8.8,6.3,8.5,6.6,8.0,6.8,8.0,8.8,5.1,4.1,6.1,8.0,5.5,10.0,8.0,3.8,8.1,6.5,6.5,8.8,10.0,7.6,10.0,10.0,9.8,10.0,5.8,6.2,5.6,5.6,4.7,8.0,6.7,7.6,3.0,8.3,5.6,5.6,5.6,7.6,9.6,9.6,5.9,5.2,10.0,5.3,10.0,5.3,6.9,10.0,6.0,7.9,5.6,10.0,4.2,4.8,3.9,5.7,5.2,2.6,7.5,2.6,8.4,5.2,1.8,5.1,10.0,5.3
2019-06-30,4.3,6.3,8.6,3.6,5.3,5.5,3.6,7.2,10.0,6.0,5.6,6.9,6.7,5.3,9.2,6.7,9.8,5.3,8.8,6.3,8.5,6.6,8.0,6.9,8.1,8.8,5.1,4.2,6.1,8.0,5.5,10.0,8.0,3.8,8.1,6.5,6.5,8.8,10.0,7.6,9.1,9.1,10.0,10.0,5.8,7.4,6.0,5.6,4.8,8.0,6.7,6.3,3.0,8.3,5.6,5.6,5.6,7.6,10.0,10.0,6.0,5.2,10.0,5.3,10.0,5.3,6.9,10.0,6.0,7.9,5.6,10.0,4.2,4.8,3.2,5.7,5.2,2.9,7.5,2.9,8.4,7.7,2.1,5.1,10.0,5.0
2019-07-31,4.3,6.3,7.2,3.6,5.3,4.0,3.6,7.2,10.0,6.0,5.6,6.9,7.1,5.3,9.2,6.7,9.8,5.3,8.8,6.3,8.5,6.6,8.0,6.9,8.1,8.8,5.1,4.2,6.1,8.0,5.5,10.0,8.0,3.8,8.1,6.5,6.5,9.0,10.0,7.6,9.1,9.1,9.8,10.0,5.8,7.4,6.0,5.6,4.8,8.0,6.4,5.0,3.0,8.3,5.6,5.6,5.6,7.6,10.0,10.0,6.0,5.2,10.0,5.3,10.0,5.3,6.9,10.0,6.0,7.9,5.6,10.0,4.2,4.8,3.9,5.7,5.2,2.6,7.5,2.6,8.4,7.7,2.1,5.1,10.0,5.3
2019-08-31,4.1,6.3,8.6,3.6,5.3,5.5,3.6,7.2,10.0,6.0,5.6,6.9,7.1,5.3,9.2,6.7,9.8,5.3,8.8,6.3,8.5,6.6,8.0,6.9,8.1,8.8,5.1,4.2,6.1,8.0,5.5,10.0,8.0,3.8,8.1,6.5,6.5,9.0,10.0,7.6,9.1,9.1,10.0,10.0,5.8,7.4,6.0,5.6,4.8,8.0,6.4,6.5,3.0,8.3,5.6,5.6,5.6,7.6,10.0,10.0,6.0,5.2,10.0,5.3,10.0,5.3,6.9,10.0,6.0,7.9,5.6,10.0,4.2,4.8,3.2,5.7,5.2,2.9,7.4,2.9,8.4,7.7,2.1,5.1,10.0,5.3
2019-09-30,4.1,6.3,8.6,3.6,5.3,5.5,3.6,7.2,10.0,6.0,5.6,6.1,7.1,5.3,9.3,6.7,9.8,5.3,8.8,6.1,8.5,6.6,8.0,6.9,8.1,8.8,5.1,4.2,6.1,8.0,5.5,10.0,8.0,3.7,8.1,7.6,7.6,9.0,10.0,7.6,9.1,9.1,10.0,10.0,5.8,7.4,6.0,5.6,4.8,8.0,6.4,6.5,3.0,8.3,5.6,5.6,5.6,7.6,10.0,10.0,6.0,5.2,10.0,5.3,10.0,5.3,6.9,10.0,6.0,7.9,5.6,10.0,4.2,4.8,3.2,5.7,5.2,2.9,7.4,2.9,8.4,7.7,2.1,5.1,10.0,5.0
2019-10-31,4.1,6.3,8.6,3.6,5.3,5.5,3.6,7.2,10.0,6.0,5.6,6.1,7.1,5.3,9.3,6.7,9.8,5.3,9.4,6.2,8.5,6.6,8.0,6.9,8.1,8.8,5.1,4.2,6.1,8.3,5.5,10.0,7.8,3.7,8.1,7.6,7.6,9.0,10.0,7.6,9.1,9.1,10.0,10.0,5.8,7.4,6.0,5.6,4.8,8.0,6.4,6.5,3.0,8.4,6.0,6.0,5.6,7.6,10.0,10.0,6.0,4.6,10.0,5.3,10.0,5.3,7.0,10.0,6.0,7.9,5.6,10.0,4.2,4.8,3.2,5.7,5.1,2.9,7.4,2.9,8.4,7.7,2.1,5.1,10.0,5.0
2019-11-30,4.1,6.1,8.6,3.6,5.6,5.5,3.6,7.2,10.0,6.0,5.6,6.1,7.1,5.3,9.3,6.7,9.8,5.3,9.4,6.1,8.6,6.6,8.0,6.9,8.1,8.5,5.1,4.2,7.2,8.3,6.0,10.0,7.8,3.7,8.1,7.6,7.6,9.0,10.0,7.6,9.1,9.1,10.0,10.0,5.8,7.4,6.0,6.5,4.8,8.1,6.4,7.3,3.1,8.4,6.0,6.0,5.5,7.6,10.0,10.0,6.0,4.6,10.0,4.6,10.0,5.3,7.3,10.0,6.0,8.0,6.1,10.0,4.3,5.0,3.2,5.7,5.1,3.3,7.4,3.3,8.4,7.7,2.1,5.1,10.0,5.0
2019-12-31,4.1,6.3,8.6,3.6,5.6,5.5,2.0,7.2,10.0,6.0,5.6,6.1,7.1,5.3,9.3,6.6,9.8,5.3,9.4,6.1,8.6,6.6,8.0,6.9,8.1,8.3,5.1,4.2,7.2,8.3,6.0,10.0,7.8,3.7,8.0,7.6,7.6,9.0,10.0,7.6,9.1,9.1,10.0,10.0,5.8,7.4,6.0,6.5,4.8,8.0,6.4,7.3,3.1,8.4,6.0,6.0,5.6,7.0,10.0,10.0,6.0,4.6,10.0,5.0,10.0,5.3,7.3,10.0,6.0,7.9,5.8,10.0,4.3,5.0,3.2,5.7,5.1,3.3,7.4,3.3,8.4,7.7,2.1,5.1,10.0,5.0
2020-01-31,4.1,6.3,8.6,3.6,5.6,5.5,2.0,7.2,10.0,6.0,5.6,6.1,7.1,5.3,9.3,6.6,9.8,5.3,9.4,6.1,8.6,6.6,8.0,6.9,8.1,8.3,5.1,4.2,5.0,8.3,6.0,10.0,7.8,3.7,8.0,7.6,7.6,9.0,10.0,7.6,9.1,9.1,10.0,10.0,5.8,7.4,6.0,6.5,4.8,8.0,6.4,7.3,3.9,8.4,6.0,6.0,5.6,7.0,10.0,10.0,6.0,4.6,10.0,5.0,10.0,5.3,7.2,10.0,6.0,7.9,5.8,10.0,8.6,5.0,3.2,5.7,5.1,3.3,7.4,3.3,8.4,7.7,2.1,5.1,10.0,5.0
2020-02-29,4.1,6.3,8.6,3.6,5.6,5.5,2.0,7.2,10.0,5.8,5.6,6.1,7.1,5.3,9.3,6.6,9.8,5.3,9.4,6.1,8.6,6.6,8.0,6.9,8.1,8.3,5.1,4.2,5.0,8.3,6.0,10.0,7.8,3.7,8.0,7.6,7.6,9.0,10.0,7.6,9.1,9.1,10.0,10.0,5.8,7.4,6.0,6.5,4.8,8.0,6.4,7.3,3.9,8.4,6.0,6.0,5.6,7.0,10.0,10.0,6.0,4.6,10.0,5.0,10.0,5.3,7.2,10.0,6.0,7.9,5.8,10.0,8.6,5.0,3.2,5.7,5.1,3.3,7.4,3.3,10.0,7.7,2.1,5.1,10.0,5.0
2020-03-31,4.1,6.3,8.6,3.6,5.6,5.5,2.0,7.2,10.0,5.8,5.6,6.1,7.1,5.3,9.3,6.6,9.8,5.3,9.4,6.1,8.6,6.6,8.0,6.9,8.1,8.3,5.1,4.2,4.9,8.3,6.0,10.0,7.8,3.7,8.0,7.6,7.6,9.0,10.0,7.6,9.1,9.1,10.0,10.0,5.8,7.4,6.0,6.5,4.8,8.0,6.4,7.3,3.9,8.4,6.0,6.0,5.6,7.0,10.0,10.0,6.0,4.6,10.0,5.0,10.0,5.3,7.0,10.0,6.0,7.9,5.8,10.0,8.6,5.0,3.2,5.7,5.1,3.3,7.4,3.3,10.0,7.7,2.1,5.0,10.0,5.0
2020-04-30,4.1,6.3,8.6,3.6,5.6,5.5,2.0,7.2,10.0,5.8,5.7,6.1,7.1,5.3,9.3,6.6,9.8,5.3,10.0,6.1,8.6,6.6,8.0,6.9,8.1,8.3,5.1,4.2,4.9,8.3,6.0,10.0,7.8,3.7,8.0,7.6,7.6,9.0,10.0,7.6,9.1,9.1,10.0,10.0,5.8,7.4,7.1,6.5,4.8,8.0,6.4,7.3,3.9,8.4,6.0,6.0,5.6,7.5,10.0,10.0,6.0,4.2,10.0,5.0,10.0,5.3,7.0,10.0,6.0,7.9,5.8,10.0,8.6,5.0,3.2,5.7,4.8,3.3,7.4,3.3,10.0,7.7,2.1,5.0,10.0,5.0
2020-05-31,4.1,6.3,8.6,3.6,4.6,5.5,2.0,7.2,10.0,5.8,5.7,6.1,7.1,5.3,9.3,6.6,9.8,5.3,10.0,6.1,8.6,6.6,8.0,6.9,8.1,8.1,5.1,4.2,5.0,8.3,6.0,10.0,7.8,3.7,8.0,7.6,7.6,9.0,10.0,7.5,9.6,9.6,10.0,10.0,5.8,7.4,6.7,6.5,4.8,7.9,6.0,7.3,4.0,8.4,6.0,6.0,5.6,7.1,8.8,8.8,6.0,4.2,10.0,5.0,10.0,5.3,7.0,10.0,6.0,7.9,5.8,10.0,8.6,5.0,3.2,5.7,4.8,3.3,7.4,3.3,10.0,7.7,2.1,5.0,10.0,5.1
2020-06-30,4.1,6.3,8.6,3.6,4.6,5.5,2.0,7.0,10.0,5.8,5.7,6.1,7.1,5.3,9.3,6.6,9.8,5.3,10.0,6.1,9.3,6.6,8.0,6.9,8.3,8.1,5.1,5.2,5.0,8.3,6.0,10.0,7.8,3.7,8.1,7.6,7.6,9.0,10.0,7.5,10.0,10.0,10.0,10.0,5.8,7.4,6.2,6.5,4.8,7.9,6.0,7.3,4.0,8.4,6.0,6.0,5.6,7.1,8.8,8.8,6.0,4.2,10.0,5.0,10.0,5.3,7.0,10.0,6.0,7.9,5.8,10.0,8.6,5.0,3.2,5.7,4.8,3.3,7.4,3.3,10.0,7.7,1.3,5.0,10.0,5.1
2020-07-31,4.1,6.3,8.7,4.4,7.0,5.5,2.0,7.0,10.0,5.8,5.7,6.1,7.1,5.3,9.3,6.6,9.8,5.3,9.7,6.1,9.3,6.6,8.0,7.2,8.3,8.1,5.1,5.2,5.0,8.3,6.0,10.0,7.8,3.6,8.1,7.3,7.3,9.4,10.0,7.5,10.0,10.0,9.6,10.0,6.8,7.4,6.2,6.5,4.8,7.9,6.0,7.2,4.0,8.4,6.0,6.0,5.6,7.1,8.8,8.8,6.0,4.2,10.0,5.0,10.0,5.3,7.0,10.0,6.0,7.9,5.8,10.0,8.5,5.0,3.2,5.7,5.2,3.3,7.4,3.3,10.0,7.7,1.3,5.0,10.0,5.1
2020-08-31,6.3,6.3,8.7,4.4,7.0,5.5,2.0,7.0,10.0,5.9,5.7,6.1,7.1,5.3,9.3,6.6,9.6,4.8,9.7,6.1,9.4,6.6,8.0,7.2,8.3,8.0,5.1,5.2,5.0,8.3,6.1,10.0,7.8,3.6,8.1,7.3,7.3,9.4,10.0,7.5,10.0,10.0,9.6,10.0,6.8,7.4,6.2,6.5,4.5,7.9,6.0,7.6,3.6,8.4,6.0,6.0,5.8,7.3,8.8,8.8,6.6,4.2,10.0,5.0,10.0,5.3,7.0,10.0,6.2,7.9,5.8,10.0,8.5,4.8,4.7,5.7,5.2,3.3,7.4,3.3,10.0,8.1,1.3,4.8,10.0,5.1
2020-09-30,6.3,6.3,8.7,4.4,7.0,5.5,2.0,7.0,10.0,5.9,5.7,5.9,7.1,5.3,9.3,6.6,9.6,4.8,9.7,6.3,9.4,6.0,8.0,7.2,8.3,8.0,5.1,5.2,5.0,8.3,5.5,10.0,7.8,3.6,8.1,7.3,7.3,9.4,10.0,7.5,10.0,10.0,9.6,10.0,6.8,7.4,6.2,6.5,4.5,7.9,6.0,7.6,3.6,8.4,6.0,6.0,5.7,7.3,8.8,8.8,6.2,3.4,10.0,5.4,10.0,5.3,7.0,10.0,6.2,7.5,5.8,10.0,8.5,4.8,4.7,5.5,5.2,3.3,7.4,3.3,10.0,8.1,1.3,4.8,10.0,5.1
2020-10-31,6.3,6.3,8.7,4.4,7.0,5.5,3.0,7.0,10.0,5.9,5.7,5.9,7.1,5.3,9.3,6.6,9.6,4.8,8.9,6.3,9.4,6.0,8.0,7.2,8.3,8.0,5.1,5.2,5.0,8.3,5.5,10.0,7.8,3.6,8.1,7.3,7.3,9.4,10.0,7.5,10.0,10.0,9.6,10.0,6.8,7.4,6.2,6.5,4.5,7.9,6.0,7.7,3.6,8.4,6.5,6.5,5.7,7.3,8.8,8.8,6.2,3.4,10.0,5.4,10.0,5.3,7.0,10.0,6.2,8.4,5.8,10.0,8.5,4.8,4.7,5.5,5.2,3.5,7.4,3.5,10.0,8.1,1.3,4.8,10.0,5.1
2020-11-30,6.3,6.3,8.7,4.4,7.0,5.5,3.0,7.0,10.0,5.9,5.7,5.9,7.1,5.3,9.3,6.6,9.6,4.8,8.9,6.3,9.4,6.0,8.0,7.2,8.3,8.0,5.1,5.2,5.0,8.3,5.5,10.0,7.8,3.6,8.1,7.3,7.3,9.4,10.0,7.5,10.0,10.0,9.6,10.0,6.8,7.4,6.2,6.5,4.5,7.9,6.0,7.7,3.6,8.4,6.5,6.5,5.7,7.3,8.8,8.8,6.2,3.4,10.0,5.4,10.0,5.3,7.0,10.0,7.5,8.4,5.7,10.0,8.5,4.8,4.7,5.5,5.2,3.5,7.4,3.5,10.0,8.1,1.3,4.8,10.0,5.1
2020-12-31,7.2,6.5,10.0,4.4,7.0,6.7,3.0,7.0,10.0,6.0,5.7,9.3,8.2,5.3,8.0,6.6,9.6,5.3,9.4,6.1,9.4,6.0,8.1,7.0,8.3,8.0,5.1,5.2,8.5,9.7,5.5,10.0,7.8,3.6,8.8,7.3,7.3,9.4,10.0,10.0,10.0,10.0,9.6,10.0,6.8,7.4,6.2,6.5,4.5,7.9,6.0,7.9,3.9,8.4,5.2,5.2,5.9,7.5,8.8,8.8,7.8,3.4,10.0,6.0,10.0,5.1,7.0,10.0,7.8,10.0,5.8,10.0,8.5,4.8,4.7,5.5,5.2,4.0,7.1,4.0,10.0,7.7,3.6,4.8,10.0,5.1
